==============================================================================
EMBEDDING DUMP - the vectors retrieval will compare
==============================================================================
generated_at     : 2026-09-27T09:24:36+00:00
source           : chroma/ collection 'mf_facts_v1'
chunks           : 20
embedding_model  : sentence-transformers/all-MiniLM-L6-v2
embedding_dim    : 384
corpus_version   : 2026-09-27T08:58:12+00:00
corpus_hash      : a691326307511b8ed878c378219d43a0132e236fbe057deff087627c855ffd87
built_at         : 2026-09-27T08:58:12+00:00
chunking_strategy: heading_aware

Vectors are rounded to 6 decimals, 6 per line,
dimension index in brackets. Full float64 precision is in
cache/embeddings/<digest>.json if you need it.

==============================================================================
CHUNK 1 of 20
==============================================================================
id               : hdfc_balanced_advantage_direct_growth:fees:c6082faa2aad:0
scheme_key       : hdfc_balanced_advantage_direct_growth
scheme_name      : HDFC Balanced Advantage Fund - Direct Growth
doc_class        : fees
section          : Expense ratio
chunk_index      : 0
token_count      : 66
publisher        : aggregator
last_updated     : 2026-09-27
source_url       : https://groww.in/mutual-funds/hdfc-balanced-advantage-fund-direct-growth
content_hash     : c6082faa2aad89d3a61a01f7e0f7eebbd62b4a1f82b413b1e719edcf47cfc93c
dims             : 384
------------------------------------------------------------------------------
  [  0] 0.037214  [  1] 0.023502  [  2] -0.053843  [  3] 0.009153  [  4] 0.010731  [  5] -0.009157
  [  6] 0.018726  [  7] 0.029983  [  8] -0.081134  [  9] -0.005631  [ 10] 0.050515  [ 11] -0.029238
  [ 12] -0.036044  [ 13] -0.043220  [ 14] -0.069307  [ 15] 0.045851  [ 16] 0.002330  [ 17] -0.082472
  [ 18] -0.063332  [ 19] 0.033157  [ 20] 0.005227  [ 21] -0.034612  [ 22] 0.012260  [ 23] 0.003142
  [ 24] 0.039682  [ 25] 0.011799  [ 26] -0.016639  [ 27] 0.044771  [ 28] -0.020391  [ 29] -0.041592
  [ 30] -0.029423  [ 31] 0.000028  [ 32] -0.017607  [ 33] -0.078905  [ 34] 0.059037  [ 35] 0.036468
  [ 36] -0.026380  [ 37] -0.048848  [ 38] 0.062635  [ 39] -0.015175  [ 40] -0.009315  [ 41] -0.040387
  [ 42] -0.084391  [ 43] 0.026652  [ 44] 0.015811  [ 45] 0.005297  [ 46] -0.026093  [ 47] 0.038840
  [ 48] 0.030589  [ 49] 0.111505  [ 50] 0.083881  [ 51] 0.057169  [ 52] -0.009469  [ 53] 0.020176
  [ 54] -0.051859  [ 55] -0.061540  [ 56] 0.040224  [ 57] 0.036854  [ 58] -0.014478  [ 59] -0.007939
  [ 60] -0.107736  [ 61] -0.014231  [ 62] -0.029429  [ 63] -0.028908  [ 64] 0.068325  [ 65] -0.044872
  [ 66] -0.027548  [ 67] -0.045548  [ 68] -0.054780  [ 69] -0.051968  [ 70] -0.044337  [ 71] -0.089203
  [ 72] -0.110293  [ 73] -0.112645  [ 74] -0.043565  [ 75] 0.079348  [ 76] 0.065078  [ 77] 0.093485
  [ 78] -0.000184  [ 79] -0.112549  [ 80] 0.018075  [ 81] 0.006099  [ 82] 0.035406  [ 83] 0.000929
  [ 84] 0.003797  [ 85] -0.019699  [ 86] 0.001831  [ 87] 0.047790  [ 88] 0.138371  [ 89] 0.082979
  [ 90] 0.042994  [ 91] 0.013264  [ 92] -0.014364  [ 93] 0.013652  [ 94] -0.032470  [ 95] 0.051167
  [ 96] -0.050270  [ 97] 0.001992  [ 98] -0.056795  [ 99] -0.011836  [100] 0.032974  [101] -0.001385
  [102] -0.017896  [103] -0.079068  [104] -0.021548  [105] 0.011928  [106] 0.025843  [107] -0.009828
  [108] 0.031045  [109] -0.041548  [110] 0.008095  [111] -0.003647  [112] -0.012528  [113] -0.085187
  [114] -0.003560  [115] 0.011272  [116] -0.026492  [117] -0.031978  [118] 0.129891  [119] -0.073975
  [120] 0.102131  [121] 0.002992  [122] -0.010967  [123] -0.048199  [124] -0.065797  [125] -0.064712
  [126] 0.017766  [127] 0.000000  [128] -0.049420  [129] 0.012993  [130] -0.039603  [131] 0.001432
  [132] -0.126453  [133] -0.081422  [134] 0.065751  [135] 0.063110  [136] -0.009074  [137] -0.021694
  [138] -0.010902  [139] -0.004665  [140] -0.011580  [141] -0.014403  [142] 0.040958  [143] -0.017161
  [144] 0.002244  [145] 0.047094  [146] 0.115814  [147] 0.001760  [148] 0.037964  [149] -0.066898
  [150] 0.021000  [151] 0.034501  [152] 0.072507  [153] 0.072358  [154] -0.043219  [155] -0.065982
  [156] -0.071947  [157] 0.034886  [158] 0.125951  [159] 0.038246  [160] 0.042972  [161] -0.083357
  [162] -0.059947  [163] 0.061769  [164] 0.018848  [165] 0.012482  [166] 0.011354  [167] -0.027702
  [168] -0.015365  [169] 0.020941  [170] 0.041145  [171] -0.020269  [172] -0.098322  [173] -0.095546
  [174] 0.154535  [175] -0.053412  [176] 0.001623  [177] 0.021516  [178] -0.022430  [179] -0.084018
  [180] -0.022881  [181] 0.027140  [182] -0.002347  [183] -0.046063  [184] -0.009726  [185] -0.049307
  [186] -0.005590  [187] 0.001311  [188] 0.019162  [189] -0.023693  [190] -0.037580  [191] 0.016304
  [192] -0.058184  [193] 0.004927  [194] -0.015532  [195] 0.005026  [196] -0.043896  [197] 0.061731
  [198] -0.012236  [199] -0.075059  [200] 0.025464  [201] -0.082625  [202] 0.070008  [203] -0.004808
  [204] -0.009432  [205] -0.021544  [206] 0.126582  [207] 0.050367  [208] -0.064259  [209] -0.002648
  [210] -0.031024  [211] -0.075899  [212] 0.009686  [213] -0.006417  [214] 0.125447  [215] -0.039873
  [216] -0.059462  [217] 0.011315  [218] 0.040025  [219] -0.041679  [220] -0.013006  [221] 0.002492
  [222] 0.071875  [223] -0.000000  [224] 0.048705  [225] 0.109330  [226] -0.001608  [227] -0.011777
  [228] -0.094765  [229] 0.031101  [230] 0.033910  [231] 0.093627  [232] -0.033860  [233] 0.090268
  [234] -0.073148  [235] 0.013450  [236] -0.011605  [237] 0.064159  [238] -0.070669  [239] -0.031194
  [240] -0.011203  [241] 0.026120  [242] 0.024116  [243] -0.067577  [244] 0.070153  [245] 0.017551
  [246] 0.063455  [247] 0.082648  [248] -0.032746  [249] -0.016374  [250] -0.044773  [251] -0.009072
  [252] 0.035980  [253] -0.020228  [254] -0.028255  [255] -0.045066  [256] 0.050873  [257] 0.077982
  [258] -0.042630  [259] 0.011701  [260] 0.060342  [261] 0.071797  [262] 0.053199  [263] 0.045931
  [264] 0.050781  [265] -0.041920  [266] 0.027917  [267] 0.023644  [268] -0.001715  [269] -0.066388
  [270] 0.007443  [271] 0.039894  [272] 0.060766  [273] 0.009832  [274] 0.007627  [275] -0.003783
  [276] -0.039901  [277] 0.067716  [278] -0.031885  [279] 0.079950  [280] 0.068942  [281] -0.009977
  [282] -0.096589  [283] -0.008459  [284] 0.029899  [285] 0.062752  [286] 0.033876  [287] 0.005100
  [288] -0.013837  [289] -0.055177  [290] 0.030921  [291] -0.032798  [292] 0.051851  [293] -0.025865
  [294] -0.048270  [295] 0.000331  [296] 0.051334  [297] -0.084901  [298] -0.042758  [299] 0.029606
  [300] 0.075255  [301] -0.089309  [302] 0.032928  [303] -0.037362  [304] -0.030340  [305] -0.012403
  [306] -0.030780  [307] 0.024187  [308] -0.023574  [309] -0.040833  [310] 0.033662  [311] -0.048016
  [312] -0.008902  [313] 0.047375  [314] -0.042220  [315] 0.011894  [316] 0.073675  [317] 0.024535
  [318] -0.044023  [319] -0.000000  [320] -0.074513  [321] 0.051902  [322] 0.048041  [323] 0.048501
  [324] 0.030005  [325] 0.041171  [326] 0.049808  [327] 0.067665  [328] -0.016465  [329] 0.058530
  [330] 0.119794  [331] 0.000622  [332] -0.074018  [333] -0.020420  [334] -0.119377  [335] -0.022966
  [336] 0.022510  [337] 0.063113  [338] -0.015143  [339] -0.033855  [340] 0.009769  [341] 0.024525
  [342] -0.006162  [343] -0.059071  [344] -0.042428  [345] -0.019822  [346] 0.009071  [347] 0.035094
  [348] 0.004312  [349] -0.052699  [350] 0.020668  [351] 0.015650  [352] 0.065724  [353] -0.023501
  [354] -0.062222  [355] 0.030319  [356] -0.010999  [357] 0.033696  [358] 0.032387  [359] 0.105855
  [360] 0.010043  [361] -0.001782  [362] -0.029146  [363] -0.041630  [364] -0.007016  [365] 0.023268
  [366] -0.192062  [367] -0.013203  [368] 0.014881  [369] -0.116678  [370] 0.071229  [371] -0.018004
  [372] -0.058323  [373] 0.060020  [374] 0.034286  [375] -0.002706  [376] -0.058177  [377] 0.023402
  [378] -0.024124  [379] 0.039622  [380] 0.060879  [381] -0.084663  [382] -0.051880  [383] -0.009984

==============================================================================
CHUNK 2 of 20
==============================================================================
id               : hdfc_balanced_advantage_direct_growth:fees:c6082faa2aad:1
scheme_key       : hdfc_balanced_advantage_direct_growth
scheme_name      : HDFC Balanced Advantage Fund - Direct Growth
doc_class        : fees
section          : Tax
chunk_index      : 1
token_count      : 52
publisher        : aggregator
last_updated     : 2026-09-27
source_url       : https://groww.in/mutual-funds/hdfc-balanced-advantage-fund-direct-growth
content_hash     : c6082faa2aad89d3a61a01f7e0f7eebbd62b4a1f82b413b1e719edcf47cfc93c
dims             : 384
------------------------------------------------------------------------------
  [  0] -0.021293  [  1] -0.029618  [  2] -0.029164  [  3] -0.020686  [  4] 0.007865  [  5] 0.031351
  [  6] 0.077463  [  7] 0.045174  [  8] 0.007372  [  9] 0.005640  [ 10] 0.081646  [ 11] 0.015229
  [ 12] -0.063622  [ 13] -0.017473  [ 14] 0.016313  [ 15] 0.001828  [ 16] -0.045190  [ 17] -0.026675
  [ 18] -0.024896  [ 19] -0.023217  [ 20] 0.133668  [ 21] -0.047354  [ 22] -0.083839  [ 23] -0.030598
  [ 24] 0.100436  [ 25] -0.071269  [ 26] 0.006991  [ 27] -0.010719  [ 28] -0.022929  [ 29] -0.007546
  [ 30] 0.079517  [ 31] 0.013517  [ 32] -0.053781  [ 33] -0.046699  [ 34] -0.006254  [ 35] 0.001344
  [ 36] 0.017834  [ 37] -0.052281  [ 38] 0.011954  [ 39] -0.032596  [ 40] -0.070139  [ 41] 0.030819
  [ 42] -0.039534  [ 43] -0.044342  [ 44] 0.056719  [ 45] -0.046024  [ 46] 0.021537  [ 47] 0.065701
  [ 48] -0.024696  [ 49] 0.104064  [ 50] 0.015200  [ 51] 0.112822  [ 52] -0.015413  [ 53] 0.046769
  [ 54] -0.034637  [ 55] -0.098776  [ 56] -0.041891  [ 57] 0.088826  [ 58] -0.008977  [ 59] -0.107298
  [ 60] -0.040424  [ 61] -0.033142  [ 62] -0.002342  [ 63] -0.026288  [ 64] -0.029963  [ 65] 0.009688
  [ 66] 0.001268  [ 67] -0.078983  [ 68] -0.027861  [ 69] -0.031208  [ 70] -0.048035  [ 71] -0.086374
  [ 72] -0.011282  [ 73] -0.061664  [ 74] -0.042518  [ 75] -0.066473  [ 76] -0.004634  [ 77] 0.081750
  [ 78] -0.049440  [ 79] -0.059968  [ 80] 0.068254  [ 81] 0.050196  [ 82] -0.018107  [ 83] -0.095018
  [ 84] -0.002655  [ 85] -0.003166  [ 86] 0.016030  [ 87] 0.039706  [ 88] 0.020233  [ 89] 0.038886
  [ 90] 0.108699  [ 91] 0.040624  [ 92] 0.039597  [ 93] 0.053127  [ 94] -0.034198  [ 95] -0.032001
  [ 96] -0.007555  [ 97] -0.005717  [ 98] 0.072884  [ 99] 0.032588  [100] -0.030250  [101] 0.077013
  [102] -0.064975  [103] -0.022713  [104] 0.002324  [105] -0.017640  [106] 0.008925  [107] 0.033233
  [108] 0.027169  [109] -0.059967  [110] 0.007153  [111] 0.064172  [112] -0.003754  [113] 0.034190
  [114] -0.025650  [115] 0.062943  [116] -0.080156  [117] -0.010297  [118] -0.031215  [119] -0.038284
  [120] 0.067196  [121] 0.011888  [122] -0.006346  [123] -0.036941  [124] -0.039930  [125] -0.120648
  [126] 0.042212  [127] 0.000000  [128] -0.020238  [129] 0.027777  [130] -0.039329  [131] -0.111008
  [132] -0.034779  [133] -0.003563  [134] 0.061803  [135] 0.053902  [136] -0.018682  [137] 0.003246
  [138] -0.029215  [139] -0.033677  [140] 0.033966  [141] -0.037847  [142] 0.013568  [143] 0.058465
  [144] -0.038864  [145] 0.001003  [146] 0.079696  [147] 0.040854  [148] 0.024525  [149] -0.069208
  [150] 0.039846  [151] -0.008841  [152] -0.030122  [153] 0.066505  [154] -0.042209  [155] -0.025294
  [156] -0.046788  [157] 0.006528  [158] 0.059432  [159] 0.044113  [160] 0.064673  [161] -0.088061
  [162] -0.030352  [163] 0.083503  [164] 0.121745  [165] -0.011376  [166] 0.020569  [167] 0.009415
  [168] 0.008768  [169] 0.055603  [170] 0.047116  [171] 0.003187  [172] -0.075435  [173] -0.071342
  [174] 0.017550  [175] 0.009059  [176] -0.002331  [177] 0.075029  [178] -0.043472  [179] 0.004977
  [180] -0.003554  [181] -0.030751  [182] -0.036213  [183] -0.008279  [184] -0.015402  [185] -0.002504
  [186] 0.014128  [187] 0.013193  [188] 0.035759  [189] -0.114957  [190] 0.006013  [191] -0.025553
  [192] -0.076273  [193] -0.020563  [194] 0.114185  [195] -0.023476  [196] -0.004393  [197] -0.008964
  [198] -0.013451  [199] -0.039267  [200] 0.028322  [201] -0.024834  [202] 0.054498  [203] 0.046471
  [204] 0.051418  [205] 0.014725  [206] 0.079855  [207] 0.058701  [208] -0.041400  [209] -0.041259
  [210] -0.127045  [211] -0.058539  [212] 0.019024  [213] 0.084364  [214] 0.045958  [215] -0.055814
  [216] 0.014164  [217] 0.017189  [218] 0.084246  [219] -0.043183  [220] 0.019030  [221] -0.059784
  [222] 0.077038  [223] -0.000000  [224] 0.012884  [225] 0.038061  [226] -0.046591  [227] 0.012924
  [228] -0.061836  [229] 0.050738  [230] 0.041184  [231] 0.112577  [232] -0.102743  [233] 0.119314
  [234] 0.010067  [235] 0.019587  [236] 0.048024  [237] 0.043589  [238] 0.033227  [239] 0.029276
  [240] -0.002561  [241] 0.056565  [242] 0.006658  [243] -0.036390  [244] 0.018941  [245] 0.070115
  [246] 0.070108  [247] 0.080014  [248] -0.009033  [249] 0.057293  [250] -0.064474  [251] 0.031729
  [252] 0.000943  [253] -0.022417  [254] 0.087807  [255] -0.016583  [256] -0.049089  [257] -0.046116
  [258] 0.039774  [259] -0.025954  [260] 0.035249  [261] -0.072573  [262] 0.049559  [263] 0.050413
  [264] -0.021289  [265] 0.019652  [266] -0.016027  [267] -0.048293  [268] 0.074582  [269] -0.078746
  [270] -0.021841  [271] 0.086980  [272] 0.089826  [273] -0.074831  [274] 0.133321  [275] 0.025061
  [276] 0.021868  [277] -0.053689  [278] -0.023565  [279] 0.071354  [280] -0.033608  [281] -0.008467
  [282] -0.068980  [283] -0.035584  [284] -0.014388  [285] -0.026630  [286] -0.012467  [287] 0.088631
  [288] -0.012177  [289] -0.091242  [290] 0.100720  [291] -0.025076  [292] 0.127626  [293] -0.054826
  [294] 0.021718  [295] -0.092248  [296] 0.008686  [297] -0.021731  [298] -0.016255  [299] 0.047875
  [300] -0.042310  [301] 0.031951  [302] 0.081336  [303] 0.012406  [304] -0.028473  [305] 0.024465
  [306] 0.031792  [307] 0.021054  [308] 0.016268  [309] -0.131021  [310] 0.031101  [311] -0.050575
  [312] 0.007064  [313] -0.002989  [314] -0.002212  [315] -0.005745  [316] 0.013139  [317] -0.013912
  [318] 0.050361  [319] -0.000000  [320] 0.019655  [321] -0.012887  [322] 0.016966  [323] 0.052333
  [324] -0.013431  [325] 0.055323  [326] -0.024061  [327] -0.015476  [328] -0.091137  [329] -0.046937
  [330] 0.053584  [331] -0.038050  [332] -0.085768  [333] -0.046070  [334] -0.073212  [335] 0.023797
  [336] -0.042179  [337] 0.018934  [338] -0.001624  [339] -0.000395  [340] 0.090757  [341] 0.032901
  [342] 0.024004  [343] -0.026810  [344] -0.048629  [345] -0.015871  [346] 0.060660  [347] 0.085777
  [348] 0.018935  [349] -0.042972  [350] 0.007981  [351] -0.007860  [352] 0.013515  [353] -0.006823
  [354] -0.038305  [355] -0.060724  [356] 0.039416  [357] 0.018832  [358] 0.009068  [359] 0.009975
  [360] 0.026480  [361] -0.118794  [362] 0.002081  [363] -0.020582  [364] -0.125413  [365] -0.015303
  [366] -0.087785  [367] -0.043000  [368] -0.027583  [369] -0.120019  [370] 0.027206  [371] 0.021592
  [372] -0.079217  [373] -0.030573  [374] -0.048461  [375] 0.014117  [376] -0.088095  [377] 0.075344
  [378] -0.005184  [379] -0.036566  [380] 0.050354  [381] -0.007202  [382] -0.077486  [383] -0.024317

==============================================================================
CHUNK 3 of 20
==============================================================================
id               : hdfc_balanced_advantage_direct_growth:overview:a16ed7d6001a:0
scheme_key       : hdfc_balanced_advantage_direct_growth
scheme_name      : HDFC Balanced Advantage Fund - Direct Growth
doc_class        : overview
section          : HDFC Balanced Advantage Fund Direct Growth
chunk_index      : 0
token_count      : 47
publisher        : aggregator
last_updated     : 2026-09-27
source_url       : https://groww.in/mutual-funds/hdfc-balanced-advantage-fund-direct-growth
content_hash     : a16ed7d6001aa41e65d9c68b0c535382184e9e4e005bc1c55b50d03a7b218a3c
dims             : 384
------------------------------------------------------------------------------
  [  0] 0.088530  [  1] -0.043399  [  2] -0.107143  [  3] 0.015539  [  4] 0.094977  [  5] 0.024854
  [  6] 0.007537  [  7] 0.033908  [  8] -0.056045  [  9] 0.015100  [ 10] -0.068230  [ 11] -0.060787
  [ 12] -0.052973  [ 13] -0.035221  [ 14] -0.023322  [ 15] -0.009952  [ 16] -0.009536  [ 17] -0.041771
  [ 18] 0.048620  [ 19] 0.049552  [ 20] -0.065255  [ 21] -0.035675  [ 22] 0.034044  [ 23] 0.007741
  [ 24] 0.043069  [ 25] 0.020017  [ 26] -0.031272  [ 27] 0.044247  [ 28] 0.004673  [ 29] -0.061963
  [ 30] 0.026138  [ 31] 0.052648  [ 32] 0.092544  [ 33] -0.006872  [ 34] -0.028168  [ 35] 0.030839
  [ 36] -0.077566  [ 37] -0.051784  [ 38] 0.002609  [ 39] -0.093884  [ 40] 0.026304  [ 41] -0.012494
  [ 42] 0.003490  [ 43] -0.062825  [ 44] 0.020475  [ 45] -0.027800  [ 46] -0.049584  [ 47] 0.040387
  [ 48] 0.063025  [ 49] -0.018903  [ 50] -0.035833  [ 51] 0.018938  [ 52] -0.028356  [ 53] -0.009024
  [ 54] -0.019119  [ 55] 0.098877  [ 56] -0.027410  [ 57] -0.065834  [ 58] 0.023136  [ 59] -0.023996
  [ 60] -0.004044  [ 61] -0.032998  [ 62] 0.086486  [ 63] -0.027243  [ 64] 0.028757  [ 65] 0.000296
  [ 66] 0.006704  [ 67] 0.062551  [ 68] 0.017068  [ 69] -0.019206  [ 70] -0.023555  [ 71] -0.038693
  [ 72] -0.089924  [ 73] -0.039251  [ 74] 0.039114  [ 75] 0.067178  [ 76] 0.034347  [ 77] 0.008039
  [ 78] 0.055654  [ 79] -0.059484  [ 80] -0.079789  [ 81] 0.017101  [ 82] 0.100127  [ 83] 0.000991
  [ 84] 0.003290  [ 85] -0.024853  [ 86] 0.005408  [ 87] -0.096252  [ 88] -0.053829  [ 89] -0.061010
  [ 90] 0.067795  [ 91] 0.040116  [ 92] 0.038639  [ 93] 0.076656  [ 94] -0.029004  [ 95] -0.021992
  [ 96] -0.061794  [ 97] -0.041867  [ 98] -0.054106  [ 99] 0.005286  [100] 0.060972  [101] 0.049179
  [102] 0.034255  [103] 0.001557  [104] 0.001150  [105] -0.016258  [106] 0.069607  [107] -0.009859
  [108] 0.059811  [109] -0.050104  [110] 0.035998  [111] 0.099957  [112] 0.003074  [113] -0.055694
  [114] -0.040738  [115] -0.021747  [116] -0.066665  [117] -0.096554  [118] -0.020095  [119] 0.021926
  [120] 0.052876  [121] -0.030806  [122] -0.019063  [123] -0.019521  [124] 0.014245  [125] 0.015366
  [126] -0.005622  [127] 0.000000  [128] 0.006163  [129] 0.005612  [130] 0.028542  [131] -0.037259
  [132] -0.045166  [133] -0.064533  [134] 0.033509  [135] -0.027678  [136] -0.071137  [137] 0.015606
  [138] 0.043853  [139] 0.089711  [140] -0.006993  [141] -0.033059  [142] -0.021688  [143] -0.147542
  [144] -0.052504  [145] 0.074049  [146] 0.068589  [147] 0.020000  [148] -0.027249  [149] 0.097055
  [150] 0.028867  [151] -0.100223  [152] 0.107893  [153] -0.013550  [154] 0.017216  [155] -0.020521
  [156] 0.018535  [157] 0.075324  [158] -0.027488  [159] -0.034741  [160] -0.084536  [161] -0.038500
  [162] -0.059650  [163] -0.016624  [164] -0.055411  [165] -0.030913  [166] -0.099844  [167] 0.039933
  [168] 0.010087  [169] 0.065645  [170] 0.010036  [171] -0.066488  [172] -0.047744  [173] -0.001846
  [174] 0.075883  [175] 0.084220  [176] -0.010706  [177] 0.095537  [178] -0.110280  [179] -0.066400
  [180] -0.036357  [181] 0.009425  [182] 0.028045  [183] 0.046065  [184] -0.058916  [185] -0.007303
  [186] 0.003129  [187] 0.017850  [188] -0.031705  [189] -0.058770  [190] -0.132490  [191] 0.054137
  [192] -0.054880  [193] 0.121879  [194] 0.035551  [195] -0.067512  [196] 0.024279  [197] 0.018934
  [198] 0.037904  [199] 0.004090  [200] 0.057519  [201] 0.039696  [202] 0.024878  [203] -0.050657
  [204] -0.005471  [205] 0.114930  [206] 0.025132  [207] 0.061066  [208] -0.042250  [209] 0.106067
  [210] 0.051686  [211] -0.000403  [212] 0.009089  [213] 0.021720  [214] 0.034062  [215] -0.014831
  [216] -0.085023  [217] -0.063777  [218] 0.008756  [219] -0.078057  [220] 0.135235  [221] -0.025468
  [222] -0.015606  [223] -0.000000  [224] 0.021333  [225] -0.039076  [226] -0.049563  [227] 0.037389
  [228] 0.029071  [229] 0.020139  [230] -0.010799  [231] 0.038977  [232] -0.057240  [233] 0.021715
  [234] 0.131286  [235] 0.028361  [236] -0.001527  [237] -0.031472  [238] -0.016983  [239] -0.034288
  [240] 0.020352  [241] -0.027219  [242] -0.016335  [243] -0.036127  [244] 0.046502  [245] 0.017896
  [246] 0.043884  [247] 0.110748  [248] 0.001838  [249] 0.037701  [250] -0.054311  [251] -0.005938
  [252] 0.001709  [253] -0.043214  [254] -0.009551  [255] 0.027903  [256] -0.018036  [257] 0.058063
  [258] -0.005761  [259] -0.081591  [260] -0.021796  [261] 0.009470  [262] -0.019408  [263] 0.063360
  [264] -0.015987  [265] 0.013096  [266] 0.027918  [267] -0.091189  [268] 0.008355  [269] 0.024521
  [270] -0.015861  [271] 0.015288  [272] 0.098789  [273] 0.031435  [274] 0.005116  [275] -0.026446
  [276] -0.007821  [277] 0.038428  [278] -0.074518  [279] -0.015905  [280] 0.075271  [281] 0.094133
  [282] -0.028725  [283] 0.005969  [284] 0.037167  [285] 0.112605  [286] -0.003672  [287] 0.045308
  [288] 0.023476  [289] 0.027615  [290] -0.093717  [291] -0.097196  [292] -0.023349  [293] -0.040604
  [294] -0.002628  [295] 0.008850  [296] 0.096635  [297] 0.053987  [298] -0.001741  [299] 0.045058
  [300] 0.065292  [301] -0.025851  [302] 0.070472  [303] 0.046868  [304] 0.013646  [305] 0.015378
  [306] -0.000011  [307] 0.084939  [308] -0.094383  [309] 0.012951  [310] -0.016623  [311] -0.129218
  [312] -0.058698  [313] 0.029454  [314] -0.004507  [315] -0.005153  [316] -0.008193  [317] 0.042793
  [318] 0.019203  [319] -0.000000  [320] 0.025942  [321] -0.023663  [322] -0.031130  [323] -0.001698
  [324] -0.028598  [325] -0.052315  [326] -0.025824  [327] -0.031609  [328] 0.005578  [329] 0.023996
  [330] 0.095593  [331] 0.018737  [332] -0.038605  [333] -0.039698  [334] -0.055008  [335] -0.079603
  [336] -0.058563  [337] 0.068600  [338] -0.025082  [339] -0.029432  [340] 0.059370  [341] 0.044579
  [342] 0.046736  [343] -0.019443  [344] 0.054265  [345] -0.022753  [346] 0.033302  [347] -0.074826
  [348] 0.036974  [349] -0.008391  [350] 0.001007  [351] 0.024630  [352] -0.029299  [353] 0.022629
  [354] 0.022173  [355] 0.113194  [356] 0.030699  [357] 0.012506  [358] 0.001895  [359] 0.108618
  [360] 0.041173  [361] -0.056614  [362] 0.023468  [363] -0.085454  [364] -0.004310  [365] 0.018345
  [366] -0.083372  [367] -0.007891  [368] 0.080851  [369] -0.096372  [370] -0.032693  [371] -0.009405
  [372] -0.010118  [373] -0.004569  [374] -0.000243  [375] 0.052083  [376] -0.011729  [377] -0.020394
  [378] 0.000977  [379] -0.003969  [380] 0.102668  [381] -0.127845  [382] -0.040147  [383] 0.102911

==============================================================================
CHUNK 4 of 20
==============================================================================
id               : hdfc_balanced_advantage_direct_growth:riskometer:d8d5d76c880f:0
scheme_key       : hdfc_balanced_advantage_direct_growth
scheme_name      : HDFC Balanced Advantage Fund - Direct Growth
doc_class        : riskometer
section          : HDFC Balanced Advantage Fund - Direct Growth
chunk_index      : 0
token_count      : 8
publisher        : aggregator
last_updated     : 2026-09-27
source_url       : https://groww.in/mutual-funds/hdfc-balanced-advantage-fund-direct-growth
content_hash     : d8d5d76c880f4bbed888cff6fcc8c42b1be5f58242e81f0bc4cddffdb345709c
dims             : 384
------------------------------------------------------------------------------
  [  0] 0.029415  [  1] -0.020005  [  2] -0.062792  [  3] 0.027932  [  4] 0.101694  [  5] -0.005711
  [  6] 0.042719  [  7] 0.090251  [  8] 0.003748  [  9] 0.014438  [ 10] 0.029874  [ 11] -0.034913
  [ 12] 0.006629  [ 13] 0.022972  [ 14] -0.090928  [ 15] -0.046854  [ 16] -0.006976  [ 17] -0.062383
  [ 18] -0.038029  [ 19] 0.051514  [ 20] -0.075036  [ 21] 0.001659  [ 22] -0.009295  [ 23] 0.043742
  [ 24] -0.030246  [ 25] -0.055245  [ 26] -0.005919  [ 27] 0.099713  [ 28] -0.016940  [ 29] 0.005877
  [ 30] 0.011685  [ 31] 0.054707  [ 32] 0.003659  [ 33] -0.031168  [ 34] -0.025200  [ 35] 0.039212
  [ 36] -0.071933  [ 37] -0.019037  [ 38] 0.013995  [ 39] 0.002529  [ 40] 0.020623  [ 41] -0.050260
  [ 42] 0.026881  [ 43] 0.073047  [ 44] -0.022470  [ 45] 0.034335  [ 46] 0.019593  [ 47] -0.059311
  [ 48] 0.019818  [ 49] 0.007964  [ 50] -0.063355  [ 51] -0.083768  [ 52] 0.044556  [ 53] -0.135650
  [ 54] 0.006931  [ 55] -0.047012  [ 56] -0.089270  [ 57] -0.082877  [ 58] -0.048781  [ 59] -0.012546
  [ 60] 0.063553  [ 61] -0.014216  [ 62] -0.056417  [ 63] 0.012214  [ 64] 0.022109  [ 65] 0.017985
  [ 66] -0.003461  [ 67] 0.066418  [ 68] 0.077794  [ 69] 0.016146  [ 70] 0.019193  [ 71] -0.022760
  [ 72] -0.068372  [ 73] 0.030640  [ 74] 0.022685  [ 75] 0.010118  [ 76] 0.008567  [ 77] -0.035311
  [ 78] 0.076788  [ 79] -0.021929  [ 80] 0.025744  [ 81] -0.059903  [ 82] 0.085698  [ 83] 0.019400
  [ 84] 0.036722  [ 85] 0.047808  [ 86] 0.030592  [ 87] -0.027692  [ 88] 0.039514  [ 89] -0.018718
  [ 90] 0.028521  [ 91] -0.075967  [ 92] 0.043432  [ 93] 0.092649  [ 94] 0.026133  [ 95] 0.060769
  [ 96] -0.076563  [ 97] -0.086262  [ 98] -0.077435  [ 99] 0.050549  [100] -0.027356  [101] -0.022245
  [102] -0.091295  [103] 0.075298  [104] -0.033521  [105] -0.075386  [106] 0.024952  [107] -0.016827
  [108] 0.046489  [109] 0.030435  [110] 0.006959  [111] 0.076801  [112] 0.041565  [113] -0.034581
  [114] -0.039985  [115] 0.010158  [116] -0.118077  [117] -0.006591  [118] -0.028868  [119] 0.066234
  [120] 0.019209  [121] -0.007229  [122] 0.011192  [123] -0.005524  [124] 0.016416  [125] 0.033234
  [126] 0.031817  [127] -0.000000  [128] 0.035526  [129] 0.031323  [130] 0.022069  [131] -0.012379
  [132] -0.014101  [133] 0.030461  [134] -0.023661  [135] -0.000683  [136] 0.013512  [137] 0.019810
  [138] 0.027288  [139] 0.039697  [140] -0.046243  [141] -0.003424  [142] 0.053300  [143] -0.013839
  [144] -0.018372  [145] 0.091256  [146] -0.007744  [147] -0.073257  [148] -0.054143  [149] -0.128536
  [150] -0.005692  [151] -0.066078  [152] -0.001033  [153] 0.064428  [154] 0.041837  [155] 0.019865
  [156] 0.079907  [157] 0.028527  [158] -0.021757  [159] 0.032385  [160] -0.029382  [161] -0.110558
  [162] -0.004869  [163] 0.059650  [164] -0.137897  [165] 0.014787  [166] -0.038808  [167] 0.006985
  [168] -0.020957  [169] 0.015662  [170] 0.043799  [171] 0.063376  [172] 0.073382  [173] 0.018263
  [174] -0.078778  [175] -0.068232  [176] -0.066161  [177] -0.014932  [178] -0.104212  [179] -0.043579
  [180] -0.038881  [181] 0.033415  [182] -0.097975  [183] 0.042583  [184] 0.042271  [185] -0.002994
  [186] -0.083410  [187] -0.027490  [188] -0.076934  [189] 0.057497  [190] -0.036334  [191] -0.048149
  [192] -0.009443  [193] 0.056062  [194] 0.030119  [195] -0.045290  [196] -0.014441  [197] 0.063531
  [198] -0.036423  [199] -0.013429  [200] 0.017271  [201] -0.070430  [202] -0.078925  [203] 0.024514
  [204] -0.066553  [205] 0.043145  [206] 0.060059  [207] -0.037497  [208] -0.072460  [209] -0.034441
  [210] 0.105808  [211] 0.033960  [212] 0.007711  [213] 0.016177  [214] -0.005022  [215] -0.035381
  [216] -0.083213  [217] 0.102443  [218] 0.016822  [219] -0.001592  [220] 0.061290  [221] 0.003756
  [222] -0.062661  [223] 0.000000  [224] -0.180123  [225] 0.023861  [226] 0.005731  [227] 0.041509
  [228] -0.007338  [229] -0.028991  [230] 0.004261  [231] 0.019803  [232] 0.039045  [233] 0.062300
  [234] -0.035922  [235] 0.028728  [236] 0.081419  [237] -0.024378  [238] 0.019053  [239] 0.055471
  [240] -0.006484  [241] 0.028948  [242] -0.088746  [243] -0.066390  [244] -0.004624  [245] 0.024852
  [246] -0.065856  [247] 0.061795  [248] -0.038239  [249] 0.024817  [250] 0.004714  [251] -0.032026
  [252] -0.007835  [253] -0.047472  [254] -0.093996  [255] 0.034181  [256] 0.064633  [257] 0.051034
  [258] -0.046767  [259] 0.011720  [260] 0.103160  [261] -0.110816  [262] -0.054820  [263] -0.014442
  [264] 0.041752  [265] 0.071195  [266] -0.047568  [267] -0.139009  [268] -0.009487  [269] 0.052012
  [270] 0.105961  [271] -0.001619  [272] 0.072131  [273] 0.050620  [274] 0.016768  [275] 0.009155
  [276] 0.013884  [277] 0.067727  [278] -0.034462  [279] -0.000368  [280] -0.033304  [281] -0.011034
  [282] 0.009524  [283] 0.103127  [284] 0.006008  [285] 0.053109  [286] -0.058111  [287] 0.093694
  [288] 0.026335  [289] 0.058069  [290] -0.049983  [291] -0.027069  [292] 0.046606  [293] -0.003993
  [294] 0.049620  [295] 0.044168  [296] 0.011753  [297] -0.063803  [298] 0.002229  [299] -0.096312
  [300] -0.025619  [301] 0.055862  [302] -0.037532  [303] -0.037334  [304] 0.068567  [305] -0.005731
  [306] 0.036298  [307] 0.053957  [308] 0.104562  [309] 0.017465  [310] 0.009348  [311] -0.060703
  [312] -0.010887  [313] 0.057121  [314] -0.091652  [315] 0.054646  [316] -0.023512  [317] -0.004725
  [318] -0.004839  [319] -0.000000  [320] 0.025727  [321] 0.022120  [322] 0.062599  [323] -0.010266
  [324] 0.057385  [325] -0.002300  [326] -0.046485  [327] 0.045880  [328] -0.045735  [329] 0.051661
  [330] 0.036342  [331] 0.020511  [332] -0.022137  [333] -0.047417  [334] -0.005559  [335] -0.066226
  [336] -0.040178  [337] 0.077179  [338] -0.050413  [339] 0.011684  [340] 0.093976  [341] 0.016442
  [342] 0.009949  [343] -0.070732  [344] 0.056242  [345] -0.022614  [346] 0.022630  [347] 0.101850
  [348] 0.036152  [349] 0.028581  [350] -0.053753  [351] -0.032155  [352] 0.056551  [353] 0.071888
  [354] -0.031785  [355] 0.057339  [356] -0.001761  [357] 0.001644  [358] 0.043028  [359] 0.070123
  [360] -0.013040  [361] -0.054004  [362] -0.006514  [363] 0.097512  [364] 0.008580  [365] -0.000264
  [366] -0.052075  [367] -0.035349  [368] 0.089753  [369] 0.006400  [370] -0.022915  [371] -0.028283
  [372] 0.059253  [373] 0.092771  [374] -0.033620  [375] 0.003926  [376] 0.002003  [377] -0.024388
  [378] -0.065325  [379] 0.048216  [380] 0.037470  [381] -0.085969  [382] -0.067402  [383] 0.036896

==============================================================================
CHUNK 5 of 20
==============================================================================
id               : hdfc_elss_tax_saver_direct_growth:fees:e7b64b5ba893:0
scheme_key       : hdfc_elss_tax_saver_direct_growth
scheme_name      : HDFC ELSS Tax Saver Fund - Direct Plan Growth
doc_class        : fees
section          : Expense ratio
chunk_index      : 0
token_count      : 44
publisher        : aggregator
last_updated     : 2026-09-27
source_url       : https://groww.in/mutual-funds/hdfc-elss-tax-saver-fund-direct-plan-growth
content_hash     : e7b64b5ba893a7e856ce0310de0d78cb97a94f3445a73d94075eaac1dbfbd92b
dims             : 384
------------------------------------------------------------------------------
  [  0] 0.016592  [  1] 0.019048  [  2] -0.042777  [  3] 0.052797  [  4] -0.007920  [  5] -0.025860
  [  6] 0.014185  [  7] -0.014782  [  8] -0.066943  [  9] -0.058750  [ 10] -0.008222  [ 11] -0.046202
  [ 12] -0.085188  [ 13] -0.012696  [ 14] -0.079441  [ 15] 0.007619  [ 16] -0.010324  [ 17] -0.082543
  [ 18] -0.056706  [ 19] 0.003757  [ 20] 0.008248  [ 21] -0.003467  [ 22] 0.029819  [ 23] -0.020024
  [ 24] -0.002150  [ 25] 0.026700  [ 26] -0.002642  [ 27] 0.025047  [ 28] -0.000931  [ 29] -0.072679
  [ 30] 0.003004  [ 31] 0.024488  [ 32] -0.046101  [ 33] -0.052271  [ 34] 0.083540  [ 35] -0.012066
  [ 36] -0.009019  [ 37] -0.024549  [ 38] 0.043495  [ 39] -0.035919  [ 40] -0.004187  [ 41] -0.067755
  [ 42] -0.081060  [ 43] 0.022971  [ 44] -0.004716  [ 45] 0.046255  [ 46] -0.047293  [ 47] 0.045121
  [ 48] 0.026988  [ 49] 0.084261  [ 50] 0.033438  [ 51] 0.037098  [ 52] -0.011630  [ 53] -0.006462
  [ 54] 0.038777  [ 55] -0.023576  [ 56] -0.010827  [ 57] -0.028373  [ 58] -0.008160  [ 59] -0.001518
  [ 60] -0.071638  [ 61] -0.000245  [ 62] -0.034989  [ 63] -0.018327  [ 64] 0.077850  [ 65] 0.007738
  [ 66] -0.016884  [ 67] -0.086087  [ 68] -0.082832  [ 69] -0.064696  [ 70] -0.040411  [ 71] -0.113172
  [ 72] -0.083573  [ 73] -0.085594  [ 74] -0.059266  [ 75] 0.040554  [ 76] 0.110632  [ 77] 0.054539
  [ 78] 0.009679  [ 79] -0.105845  [ 80] -0.001128  [ 81] 0.044404  [ 82] 0.052886  [ 83] 0.049525
  [ 84] 0.010412  [ 85] -0.043636  [ 86] 0.009530  [ 87] 0.008025  [ 88] 0.072400  [ 89] 0.061486
  [ 90] 0.047903  [ 91] 0.003107  [ 92] -0.040945  [ 93] 0.057741  [ 94] -0.011612  [ 95] 0.029075
  [ 96] -0.065829  [ 97] 0.005905  [ 98] -0.051516  [ 99] -0.004181  [100] 0.098850  [101] 0.040844
  [102] -0.016212  [103] -0.054054  [104] -0.107365  [105] 0.045838  [106] 0.065576  [107] -0.010979
  [108] 0.048853  [109] 0.022978  [110] 0.004595  [111] -0.002959  [112] -0.042090  [113] -0.072625
  [114] -0.017791  [115] -0.028714  [116] -0.010598  [117] -0.003014  [118] 0.147157  [119] -0.058413
  [120] 0.088036  [121] 0.046553  [122] -0.030658  [123] -0.023922  [124] -0.062482  [125] -0.071302
  [126] -0.013342  [127] 0.000000  [128] -0.034462  [129] 0.022248  [130] -0.047963  [131] 0.018345
  [132] -0.124702  [133] -0.035451  [134] 0.051152  [135] 0.009073  [136] -0.014859  [137] -0.038126
  [138] 0.016723  [139] -0.014103  [140] -0.060101  [141] -0.065055  [142] 0.049120  [143] -0.007822
  [144] -0.038028  [145] 0.054182  [146] 0.090655  [147] 0.029173  [148] 0.042510  [149] -0.016774
  [150] 0.015314  [151] 0.005697  [152] 0.058265  [153] 0.071915  [154] -0.050375  [155] -0.089631
  [156] -0.028458  [157] 0.035067  [158] 0.135020  [159] -0.022788  [160] 0.056175  [161] -0.063198
  [162] -0.063137  [163] 0.054627  [164] 0.012568  [165] 0.035048  [166] -0.015709  [167] -0.006432
  [168] -0.052727  [169] 0.057574  [170] 0.019151  [171] -0.023820  [172] -0.107973  [173] -0.040754
  [174] 0.152462  [175] 0.013777  [176] 0.060175  [177] -0.018119  [178] -0.045818  [179] -0.075613
  [180] -0.066411  [181] -0.003084  [182] 0.023419  [183] -0.039970  [184] -0.021958  [185] -0.038522
  [186] 0.027604  [187] -0.013282  [188] -0.008023  [189] 0.004716  [190] -0.048737  [191] -0.005630
  [192] 0.011902  [193] -0.004146  [194] -0.039159  [195] -0.000415  [196] -0.027873  [197] 0.076516
  [198] -0.022503  [199] -0.023956  [200] 0.064166  [201] -0.009630  [202] 0.023524  [203] -0.037262
  [204] -0.022612  [205] -0.022199  [206] 0.125274  [207] 0.091364  [208] -0.052887  [209] 0.031228
  [210] -0.015214  [211] -0.088412  [212] -0.016489  [213] -0.032542  [214] 0.119922  [215] 0.009855
  [216] -0.054736  [217] -0.030960  [218] 0.042296  [219] -0.065427  [220] 0.015698  [221] -0.048511
  [222] 0.014032  [223] -0.000000  [224] 0.044361  [225] 0.099037  [226] 0.000791  [227] -0.005435
  [228] -0.074586  [229] 0.018113  [230] 0.077395  [231] 0.062953  [232] -0.003907  [233] 0.110943
  [234] -0.016865  [235] 0.039264  [236] 0.008835  [237] 0.077783  [238] -0.081299  [239] -0.065997
  [240] -0.027934  [241] 0.008236  [242] -0.003801  [243] -0.079191  [244] 0.023780  [245] 0.053047
  [246] 0.055227  [247] 0.107134  [248] -0.045907  [249] 0.010393  [250] -0.054807  [251] -0.025581
  [252] 0.040428  [253] -0.029087  [254] -0.008107  [255] -0.036843  [256] 0.054401  [257] 0.053654
  [258] -0.022361  [259] -0.004430  [260] 0.014241  [261] 0.050365  [262] 0.031594  [263] -0.011944
  [264] 0.056742  [265] 0.015248  [266] 0.040964  [267] 0.004766  [268] 0.006634  [269] -0.028795
  [270] -0.008405  [271] 0.063340  [272] 0.066946  [273] -0.003858  [274] 0.036780  [275] 0.050588
  [276] -0.075045  [277] 0.047034  [278] -0.047674  [279] 0.074211  [280] 0.037438  [281] -0.021206
  [282] -0.077010  [283] -0.032367  [284] 0.007807  [285] 0.078073  [286] 0.052794  [287] -0.033239
  [288] 0.009967  [289] -0.050600  [290] -0.001531  [291] -0.000408  [292] 0.095226  [293] -0.017556
  [294] -0.075374  [295] 0.000778  [296] 0.068322  [297] -0.083447  [298] -0.014431  [299] 0.004480
  [300] 0.112670  [301] -0.046115  [302] 0.062261  [303] -0.016984  [304] -0.020596  [305] 0.009347
  [306] -0.049559  [307] 0.033024  [308] -0.025885  [309] -0.010448  [310] 0.044405  [311] -0.028698
  [312] 0.009593  [313] 0.041122  [314] -0.072234  [315] 0.013544  [316] 0.027196  [317] 0.025624
  [318] -0.068914  [319] -0.000000  [320] -0.025446  [321] 0.008035  [322] 0.020205  [323] 0.026581
  [324] 0.028580  [325] 0.013768  [326] 0.043104  [327] 0.078543  [328] -0.000706  [329] 0.104223
  [330] 0.121770  [331] 0.023886  [332] -0.080885  [333] -0.025545  [334] -0.095335  [335] 0.006405
  [336] 0.011819  [337] 0.060924  [338] 0.028510  [339] -0.087512  [340] 0.034263  [341] 0.036836
  [342] -0.026533  [343] -0.009994  [344] -0.069234  [345] -0.011601  [346] -0.010585  [347] 0.010804
  [348] -0.026628  [349] -0.047867  [350] 0.019907  [351] 0.027006  [352] 0.068745  [353] -0.035687
  [354] -0.036448  [355] 0.049215  [356] 0.005467  [357] 0.068839  [358] 0.036821  [359] 0.106615
  [360] 0.002036  [361] -0.010290  [362] 0.000385  [363] -0.041403  [364] -0.027862  [365] -0.038972
  [366] -0.186182  [367] -0.055356  [368] -0.000580  [369] -0.102468  [370] 0.011166  [371] -0.020051
  [372] -0.015437  [373] 0.073680  [374] 0.028680  [375] 0.024472  [376] -0.049792  [377] -0.009843
  [378] -0.043242  [379] 0.062830  [380] 0.122462  [381] -0.087122  [382] -0.057730  [383] 0.072572

==============================================================================
CHUNK 6 of 20
==============================================================================
id               : hdfc_elss_tax_saver_direct_growth:fees:e7b64b5ba893:1
scheme_key       : hdfc_elss_tax_saver_direct_growth
scheme_name      : HDFC ELSS Tax Saver Fund - Direct Plan Growth
doc_class        : fees
section          : Tax
chunk_index      : 1
token_count      : 52
publisher        : aggregator
last_updated     : 2026-09-27
source_url       : https://groww.in/mutual-funds/hdfc-elss-tax-saver-fund-direct-plan-growth
content_hash     : e7b64b5ba893a7e856ce0310de0d78cb97a94f3445a73d94075eaac1dbfbd92b
dims             : 384
------------------------------------------------------------------------------
  [  0] -0.021293  [  1] -0.029618  [  2] -0.029164  [  3] -0.020686  [  4] 0.007865  [  5] 0.031351
  [  6] 0.077463  [  7] 0.045174  [  8] 0.007372  [  9] 0.005640  [ 10] 0.081646  [ 11] 0.015229
  [ 12] -0.063622  [ 13] -0.017473  [ 14] 0.016313  [ 15] 0.001828  [ 16] -0.045190  [ 17] -0.026675
  [ 18] -0.024896  [ 19] -0.023217  [ 20] 0.133668  [ 21] -0.047354  [ 22] -0.083839  [ 23] -0.030598
  [ 24] 0.100436  [ 25] -0.071269  [ 26] 0.006991  [ 27] -0.010719  [ 28] -0.022929  [ 29] -0.007546
  [ 30] 0.079517  [ 31] 0.013517  [ 32] -0.053781  [ 33] -0.046699  [ 34] -0.006254  [ 35] 0.001344
  [ 36] 0.017834  [ 37] -0.052281  [ 38] 0.011954  [ 39] -0.032596  [ 40] -0.070139  [ 41] 0.030819
  [ 42] -0.039534  [ 43] -0.044342  [ 44] 0.056719  [ 45] -0.046024  [ 46] 0.021537  [ 47] 0.065701
  [ 48] -0.024696  [ 49] 0.104064  [ 50] 0.015200  [ 51] 0.112822  [ 52] -0.015413  [ 53] 0.046769
  [ 54] -0.034637  [ 55] -0.098776  [ 56] -0.041891  [ 57] 0.088826  [ 58] -0.008977  [ 59] -0.107298
  [ 60] -0.040424  [ 61] -0.033142  [ 62] -0.002342  [ 63] -0.026288  [ 64] -0.029963  [ 65] 0.009688
  [ 66] 0.001268  [ 67] -0.078983  [ 68] -0.027861  [ 69] -0.031208  [ 70] -0.048035  [ 71] -0.086374
  [ 72] -0.011282  [ 73] -0.061664  [ 74] -0.042518  [ 75] -0.066473  [ 76] -0.004634  [ 77] 0.081750
  [ 78] -0.049440  [ 79] -0.059968  [ 80] 0.068254  [ 81] 0.050196  [ 82] -0.018107  [ 83] -0.095018
  [ 84] -0.002655  [ 85] -0.003166  [ 86] 0.016030  [ 87] 0.039706  [ 88] 0.020233  [ 89] 0.038886
  [ 90] 0.108699  [ 91] 0.040624  [ 92] 0.039597  [ 93] 0.053127  [ 94] -0.034198  [ 95] -0.032001
  [ 96] -0.007555  [ 97] -0.005717  [ 98] 0.072884  [ 99] 0.032588  [100] -0.030250  [101] 0.077013
  [102] -0.064975  [103] -0.022713  [104] 0.002324  [105] -0.017640  [106] 0.008925  [107] 0.033233
  [108] 0.027169  [109] -0.059967  [110] 0.007153  [111] 0.064172  [112] -0.003754  [113] 0.034190
  [114] -0.025650  [115] 0.062943  [116] -0.080156  [117] -0.010297  [118] -0.031215  [119] -0.038284
  [120] 0.067196  [121] 0.011888  [122] -0.006346  [123] -0.036941  [124] -0.039930  [125] -0.120648
  [126] 0.042212  [127] 0.000000  [128] -0.020238  [129] 0.027777  [130] -0.039329  [131] -0.111008
  [132] -0.034779  [133] -0.003563  [134] 0.061803  [135] 0.053902  [136] -0.018682  [137] 0.003246
  [138] -0.029215  [139] -0.033677  [140] 0.033966  [141] -0.037847  [142] 0.013568  [143] 0.058465
  [144] -0.038864  [145] 0.001003  [146] 0.079696  [147] 0.040854  [148] 0.024525  [149] -0.069208
  [150] 0.039846  [151] -0.008841  [152] -0.030122  [153] 0.066505  [154] -0.042209  [155] -0.025294
  [156] -0.046788  [157] 0.006528  [158] 0.059432  [159] 0.044113  [160] 0.064673  [161] -0.088061
  [162] -0.030352  [163] 0.083503  [164] 0.121745  [165] -0.011376  [166] 0.020569  [167] 0.009415
  [168] 0.008768  [169] 0.055603  [170] 0.047116  [171] 0.003187  [172] -0.075435  [173] -0.071342
  [174] 0.017550  [175] 0.009059  [176] -0.002331  [177] 0.075029  [178] -0.043472  [179] 0.004977
  [180] -0.003554  [181] -0.030751  [182] -0.036213  [183] -0.008279  [184] -0.015402  [185] -0.002504
  [186] 0.014128  [187] 0.013193  [188] 0.035759  [189] -0.114957  [190] 0.006013  [191] -0.025553
  [192] -0.076273  [193] -0.020563  [194] 0.114185  [195] -0.023476  [196] -0.004393  [197] -0.008964
  [198] -0.013451  [199] -0.039267  [200] 0.028322  [201] -0.024834  [202] 0.054498  [203] 0.046471
  [204] 0.051418  [205] 0.014725  [206] 0.079855  [207] 0.058701  [208] -0.041400  [209] -0.041259
  [210] -0.127045  [211] -0.058539  [212] 0.019024  [213] 0.084364  [214] 0.045958  [215] -0.055814
  [216] 0.014164  [217] 0.017189  [218] 0.084246  [219] -0.043183  [220] 0.019030  [221] -0.059784
  [222] 0.077038  [223] -0.000000  [224] 0.012884  [225] 0.038061  [226] -0.046591  [227] 0.012924
  [228] -0.061836  [229] 0.050738  [230] 0.041184  [231] 0.112577  [232] -0.102743  [233] 0.119314
  [234] 0.010067  [235] 0.019587  [236] 0.048024  [237] 0.043589  [238] 0.033227  [239] 0.029276
  [240] -0.002561  [241] 0.056565  [242] 0.006658  [243] -0.036390  [244] 0.018941  [245] 0.070115
  [246] 0.070108  [247] 0.080014  [248] -0.009033  [249] 0.057293  [250] -0.064474  [251] 0.031729
  [252] 0.000943  [253] -0.022417  [254] 0.087807  [255] -0.016583  [256] -0.049089  [257] -0.046116
  [258] 0.039774  [259] -0.025954  [260] 0.035249  [261] -0.072573  [262] 0.049559  [263] 0.050413
  [264] -0.021289  [265] 0.019652  [266] -0.016027  [267] -0.048293  [268] 0.074582  [269] -0.078746
  [270] -0.021841  [271] 0.086980  [272] 0.089826  [273] -0.074831  [274] 0.133321  [275] 0.025061
  [276] 0.021868  [277] -0.053689  [278] -0.023565  [279] 0.071354  [280] -0.033608  [281] -0.008467
  [282] -0.068980  [283] -0.035584  [284] -0.014388  [285] -0.026630  [286] -0.012467  [287] 0.088631
  [288] -0.012177  [289] -0.091242  [290] 0.100720  [291] -0.025076  [292] 0.127626  [293] -0.054826
  [294] 0.021718  [295] -0.092248  [296] 0.008686  [297] -0.021731  [298] -0.016255  [299] 0.047875
  [300] -0.042310  [301] 0.031951  [302] 0.081336  [303] 0.012406  [304] -0.028473  [305] 0.024465
  [306] 0.031792  [307] 0.021054  [308] 0.016268  [309] -0.131021  [310] 0.031101  [311] -0.050575
  [312] 0.007064  [313] -0.002989  [314] -0.002212  [315] -0.005745  [316] 0.013139  [317] -0.013912
  [318] 0.050361  [319] -0.000000  [320] 0.019655  [321] -0.012887  [322] 0.016966  [323] 0.052333
  [324] -0.013431  [325] 0.055323  [326] -0.024061  [327] -0.015476  [328] -0.091137  [329] -0.046937
  [330] 0.053584  [331] -0.038050  [332] -0.085768  [333] -0.046070  [334] -0.073212  [335] 0.023797
  [336] -0.042179  [337] 0.018934  [338] -0.001624  [339] -0.000395  [340] 0.090757  [341] 0.032901
  [342] 0.024004  [343] -0.026810  [344] -0.048629  [345] -0.015871  [346] 0.060660  [347] 0.085777
  [348] 0.018935  [349] -0.042972  [350] 0.007981  [351] -0.007860  [352] 0.013515  [353] -0.006823
  [354] -0.038305  [355] -0.060724  [356] 0.039416  [357] 0.018832  [358] 0.009068  [359] 0.009975
  [360] 0.026480  [361] -0.118794  [362] 0.002081  [363] -0.020582  [364] -0.125413  [365] -0.015303
  [366] -0.087785  [367] -0.043000  [368] -0.027583  [369] -0.120019  [370] 0.027206  [371] 0.021592
  [372] -0.079217  [373] -0.030573  [374] -0.048461  [375] 0.014117  [376] -0.088095  [377] 0.075344
  [378] -0.005184  [379] -0.036566  [380] 0.050354  [381] -0.007202  [382] -0.077486  [383] -0.024317

==============================================================================
CHUNK 7 of 20
==============================================================================
id               : hdfc_elss_tax_saver_direct_growth:overview:2a87cf609de0:0
scheme_key       : hdfc_elss_tax_saver_direct_growth
scheme_name      : HDFC ELSS Tax Saver Fund - Direct Plan Growth
doc_class        : overview
section          : HDFC ELSS Tax Saver Fund Direct Plan Growth
chunk_index      : 0
token_count      : 53
publisher        : aggregator
last_updated     : 2026-09-27
source_url       : https://groww.in/mutual-funds/hdfc-elss-tax-saver-fund-direct-plan-growth
content_hash     : 2a87cf609de0a06af69b04ef7df9bb68d4ae0b4baea7711a43365b8b84c1e1e1
dims             : 384
------------------------------------------------------------------------------
  [  0] 0.071613  [  1] -0.060846  [  2] -0.107254  [  3] 0.028669  [  4] 0.141333  [  5] 0.023513
  [  6] 0.025247  [  7] 0.009347  [  8] -0.038111  [  9] 0.051132  [ 10] -0.029227  [ 11] -0.036574
  [ 12] -0.083333  [ 13] -0.095127  [ 14] -0.033173  [ 15] -0.031578  [ 16] -0.046470  [ 17] -0.070479
  [ 18] -0.005537  [ 19] -0.002085  [ 20] 0.041330  [ 21] -0.047202  [ 22] 0.004755  [ 23] 0.021354
  [ 24] 0.046506  [ 25] -0.069820  [ 26] -0.006821  [ 27] 0.075607  [ 28] -0.014565  [ 29] -0.096740
  [ 30] 0.049350  [ 31] 0.038650  [ 32] 0.030008  [ 33] -0.046731  [ 34] -0.028121  [ 35] 0.055966
  [ 36] -0.052674  [ 37] -0.039400  [ 38] -0.014402  [ 39] -0.069479  [ 40] 0.019031  [ 41] -0.012453
  [ 42] 0.000941  [ 43] -0.094814  [ 44] 0.006426  [ 45] -0.042713  [ 46] -0.059049  [ 47] 0.005774
  [ 48] 0.026203  [ 49] -0.006944  [ 50] -0.022041  [ 51] 0.024354  [ 52] -0.027800  [ 53] -0.025719
  [ 54] -0.013891  [ 55] -0.002726  [ 56] -0.036135  [ 57] -0.007573  [ 58] 0.015569  [ 59] -0.036424
  [ 60] 0.004643  [ 61] -0.004702  [ 62] 0.067036  [ 63] -0.032271  [ 64] 0.022152  [ 65] 0.033099
  [ 66] -0.025585  [ 67] -0.026694  [ 68] -0.017149  [ 69] 0.026655  [ 70] -0.020868  [ 71] -0.096643
  [ 72] -0.073335  [ 73] -0.028921  [ 74] 0.008318  [ 75] 0.080069  [ 76] 0.034629  [ 77] 0.052842
  [ 78] 0.026571  [ 79] -0.076440  [ 80] -0.009371  [ 81] 0.037502  [ 82] 0.061497  [ 83] 0.023086
  [ 84] 0.019834  [ 85] -0.007351  [ 86] 0.071660  [ 87] -0.101349  [ 88] -0.010465  [ 89] -0.035411
  [ 90] 0.089905  [ 91] 0.013902  [ 92] 0.019948  [ 93] 0.073481  [ 94] -0.032812  [ 95] -0.048562
  [ 96] -0.044314  [ 97] -0.067379  [ 98] -0.070486  [ 99] -0.002754  [100] 0.068814  [101] 0.107944
  [102] 0.024095  [103] -0.019311  [104] -0.039379  [105] -0.000503  [106] 0.054070  [107] 0.057092
  [108] 0.019153  [109] -0.024698  [110] 0.046610  [111] 0.085660  [112] 0.001398  [113] -0.011533
  [114] -0.012429  [115] 0.028920  [116] -0.115638  [117] -0.107243  [118] 0.049545  [119] 0.014289
  [120] 0.073813  [121] 0.021733  [122] -0.001862  [123] -0.079484  [124] -0.013766  [125] 0.001378
  [126] -0.012448  [127] 0.000000  [128] -0.057800  [129] 0.061405  [130] -0.046759  [131] -0.090194
  [132] -0.032140  [133] -0.054587  [134] 0.066221  [135] 0.015854  [136] -0.066598  [137] 0.042629
  [138] 0.001423  [139] 0.039380  [140] 0.045792  [141] -0.027793  [142] -0.034501  [143] -0.100062
  [144] 0.011202  [145] 0.077082  [146] -0.006283  [147] 0.003867  [148] 0.030794  [149] 0.013014
  [150] 0.048519  [151] -0.113492  [152] 0.083631  [153] -0.009273  [154] 0.020479  [155] -0.038611
  [156] -0.013499  [157] 0.069737  [158] 0.020492  [159] 0.051658  [160] 0.000532  [161] -0.043856
  [162] -0.022977  [163] -0.014644  [164] 0.042636  [165] -0.046297  [166] -0.025301  [167] -0.031632
  [168] -0.002565  [169] 0.091210  [170] 0.052932  [171] -0.022007  [172] -0.072634  [173] 0.005218
  [174] 0.036854  [175] 0.050310  [176] 0.060858  [177] 0.040382  [178] -0.075937  [179] -0.082265
  [180] -0.024321  [181] -0.018961  [182] 0.066461  [183] 0.001344  [184] -0.057374  [185] -0.006401
  [186] 0.008072  [187] 0.004185  [188] 0.022228  [189] -0.021319  [190] -0.067818  [191] 0.008619
  [192] -0.066368  [193] 0.061736  [194] 0.047878  [195] -0.099488  [196] 0.003979  [197] -0.023168
  [198] -0.018057  [199] 0.027206  [200] 0.102487  [201] 0.012792  [202] 0.028167  [203] -0.055626
  [204] -0.004511  [205] 0.072315  [206] 0.029357  [207] 0.057379  [208] -0.004019  [209] 0.062344
  [210] -0.003194  [211] -0.044426  [212] 0.049746  [213] -0.027591  [214] 0.008427  [215] 0.099547
  [216] -0.022951  [217] -0.063308  [218] 0.053017  [219] -0.033968  [220] 0.103897  [221] -0.036879
  [222] -0.107271  [223] -0.000000  [224] 0.010560  [225] -0.030600  [226] -0.009519  [227] 0.080690
  [228] 0.030009  [229] 0.038248  [230] 0.052993  [231] 0.049452  [232] -0.000114  [233] 0.049996
  [234] 0.120447  [235] 0.022627  [236] 0.041355  [237] -0.036449  [238] 0.046123  [239] -0.082263
  [240] 0.002649  [241] -0.038812  [242] -0.012745  [243] -0.073953  [244] 0.063176  [245] 0.002038
  [246] 0.035473  [247] 0.117879  [248] -0.045440  [249] 0.033369  [250] -0.091282  [251] 0.015059
  [252] -0.074333  [253] -0.016548  [254] -0.037210  [255] 0.015760  [256] -0.069447  [257] 0.050687
  [258] -0.011215  [259] -0.070421  [260] 0.014320  [261] -0.006322  [262] -0.079047  [263] 0.045695
  [264] 0.002896  [265] 0.066710  [266] 0.019933  [267] -0.073363  [268] 0.039504  [269] -0.005202
  [270] -0.004513  [271] 0.046697  [272] 0.081025  [273] 0.055059  [274] -0.027806  [275] -0.048086
  [276] 0.010880  [277] 0.024991  [278] -0.041766  [279] 0.051110  [280] -0.006223  [281] 0.028888
  [282] -0.119392  [283] 0.043399  [284] 0.041815  [285] 0.116158  [286] 0.010416  [287] 0.080850
  [288] 0.049989  [289] 0.005025  [290] -0.077030  [291] -0.086717  [292] 0.002332  [293] -0.026560
  [294] 0.014908  [295] -0.007957  [296] 0.062247  [297] 0.043007  [298] -0.011374  [299] 0.027279
  [300] 0.008408  [301] -0.057691  [302] 0.059353  [303] 0.023892  [304] 0.093866  [305] 0.057745
  [306] -0.012700  [307] 0.079875  [308] -0.040179  [309] 0.049536  [310] -0.038703  [311] -0.085573
  [312] 0.009471  [313] 0.002970  [314] -0.050639  [315] -0.066148  [316] -0.007067  [317] 0.012952
  [318] 0.043014  [319] -0.000000  [320] 0.015868  [321] 0.008977  [322] -0.002295  [323] 0.010754
  [324] -0.024238  [325] -0.052671  [326] -0.005991  [327] 0.036950  [328] -0.005009  [329] 0.040214
  [330] 0.093462  [331] 0.031828  [332] -0.095485  [333] -0.016918  [334] -0.048036  [335] -0.092063
  [336] -0.002117  [337] 0.140362  [338] -0.014508  [339] -0.042270  [340] 0.099758  [341] 0.027375
  [342] 0.056300  [343] -0.023970  [344] 0.081309  [345] -0.003566  [346] 0.002936  [347] 0.008236
  [348] 0.010646  [349] -0.008761  [350] 0.000652  [351] -0.028194  [352] 0.031945  [353] 0.034563
  [354] -0.019369  [355] 0.074826  [356] -0.055452  [357] 0.070486  [358] 0.069239  [359] 0.073302
  [360] 0.025774  [361] -0.063395  [362] 0.032750  [363] -0.075980  [364] -0.055509  [365] 0.044316
  [366] -0.092626  [367] -0.042336  [368] 0.019641  [369] -0.127829  [370] -0.028933  [371] -0.070502
  [372] 0.001354  [373] 0.004629  [374] 0.032149  [375] -0.001541  [376] -0.072910  [377] -0.014492
  [378] 0.033825  [379] -0.015274  [380] 0.079399  [381] -0.087333  [382] -0.031115  [383] 0.084479

==============================================================================
CHUNK 8 of 20
==============================================================================
id               : hdfc_elss_tax_saver_direct_growth:riskometer:d8d5d76c880f:0
scheme_key       : hdfc_elss_tax_saver_direct_growth
scheme_name      : HDFC ELSS Tax Saver Fund - Direct Plan Growth
doc_class        : riskometer
section          : HDFC ELSS Tax Saver Fund - Direct Plan Growth
chunk_index      : 0
token_count      : 8
publisher        : aggregator
last_updated     : 2026-09-27
source_url       : https://groww.in/mutual-funds/hdfc-elss-tax-saver-fund-direct-plan-growth
content_hash     : d8d5d76c880f4bbed888cff6fcc8c42b1be5f58242e81f0bc4cddffdb345709c
dims             : 384
------------------------------------------------------------------------------
  [  0] 0.029415  [  1] -0.020005  [  2] -0.062792  [  3] 0.027932  [  4] 0.101694  [  5] -0.005711
  [  6] 0.042719  [  7] 0.090251  [  8] 0.003748  [  9] 0.014438  [ 10] 0.029874  [ 11] -0.034913
  [ 12] 0.006629  [ 13] 0.022972  [ 14] -0.090928  [ 15] -0.046854  [ 16] -0.006976  [ 17] -0.062383
  [ 18] -0.038029  [ 19] 0.051514  [ 20] -0.075036  [ 21] 0.001659  [ 22] -0.009295  [ 23] 0.043742
  [ 24] -0.030246  [ 25] -0.055245  [ 26] -0.005919  [ 27] 0.099713  [ 28] -0.016940  [ 29] 0.005877
  [ 30] 0.011685  [ 31] 0.054707  [ 32] 0.003659  [ 33] -0.031168  [ 34] -0.025200  [ 35] 0.039212
  [ 36] -0.071933  [ 37] -0.019037  [ 38] 0.013995  [ 39] 0.002529  [ 40] 0.020623  [ 41] -0.050260
  [ 42] 0.026881  [ 43] 0.073047  [ 44] -0.022470  [ 45] 0.034335  [ 46] 0.019593  [ 47] -0.059311
  [ 48] 0.019818  [ 49] 0.007964  [ 50] -0.063355  [ 51] -0.083768  [ 52] 0.044556  [ 53] -0.135650
  [ 54] 0.006931  [ 55] -0.047012  [ 56] -0.089270  [ 57] -0.082877  [ 58] -0.048781  [ 59] -0.012546
  [ 60] 0.063553  [ 61] -0.014216  [ 62] -0.056417  [ 63] 0.012214  [ 64] 0.022109  [ 65] 0.017985
  [ 66] -0.003461  [ 67] 0.066418  [ 68] 0.077794  [ 69] 0.016146  [ 70] 0.019193  [ 71] -0.022760
  [ 72] -0.068372  [ 73] 0.030640  [ 74] 0.022685  [ 75] 0.010118  [ 76] 0.008567  [ 77] -0.035311
  [ 78] 0.076788  [ 79] -0.021929  [ 80] 0.025744  [ 81] -0.059903  [ 82] 0.085698  [ 83] 0.019400
  [ 84] 0.036722  [ 85] 0.047808  [ 86] 0.030592  [ 87] -0.027692  [ 88] 0.039514  [ 89] -0.018718
  [ 90] 0.028521  [ 91] -0.075967  [ 92] 0.043432  [ 93] 0.092649  [ 94] 0.026133  [ 95] 0.060769
  [ 96] -0.076563  [ 97] -0.086262  [ 98] -0.077435  [ 99] 0.050549  [100] -0.027356  [101] -0.022245
  [102] -0.091295  [103] 0.075298  [104] -0.033521  [105] -0.075386  [106] 0.024952  [107] -0.016827
  [108] 0.046489  [109] 0.030435  [110] 0.006959  [111] 0.076801  [112] 0.041565  [113] -0.034581
  [114] -0.039985  [115] 0.010158  [116] -0.118077  [117] -0.006591  [118] -0.028868  [119] 0.066234
  [120] 0.019209  [121] -0.007229  [122] 0.011192  [123] -0.005524  [124] 0.016416  [125] 0.033234
  [126] 0.031817  [127] -0.000000  [128] 0.035526  [129] 0.031323  [130] 0.022069  [131] -0.012379
  [132] -0.014101  [133] 0.030461  [134] -0.023661  [135] -0.000683  [136] 0.013512  [137] 0.019810
  [138] 0.027288  [139] 0.039697  [140] -0.046243  [141] -0.003424  [142] 0.053300  [143] -0.013839
  [144] -0.018372  [145] 0.091256  [146] -0.007744  [147] -0.073257  [148] -0.054143  [149] -0.128536
  [150] -0.005692  [151] -0.066078  [152] -0.001033  [153] 0.064428  [154] 0.041837  [155] 0.019865
  [156] 0.079907  [157] 0.028527  [158] -0.021757  [159] 0.032385  [160] -0.029382  [161] -0.110558
  [162] -0.004869  [163] 0.059650  [164] -0.137897  [165] 0.014787  [166] -0.038808  [167] 0.006985
  [168] -0.020957  [169] 0.015662  [170] 0.043799  [171] 0.063376  [172] 0.073382  [173] 0.018263
  [174] -0.078778  [175] -0.068232  [176] -0.066161  [177] -0.014932  [178] -0.104212  [179] -0.043579
  [180] -0.038881  [181] 0.033415  [182] -0.097975  [183] 0.042583  [184] 0.042271  [185] -0.002994
  [186] -0.083410  [187] -0.027490  [188] -0.076934  [189] 0.057497  [190] -0.036334  [191] -0.048149
  [192] -0.009443  [193] 0.056062  [194] 0.030119  [195] -0.045290  [196] -0.014441  [197] 0.063531
  [198] -0.036423  [199] -0.013429  [200] 0.017271  [201] -0.070430  [202] -0.078925  [203] 0.024514
  [204] -0.066553  [205] 0.043145  [206] 0.060059  [207] -0.037497  [208] -0.072460  [209] -0.034441
  [210] 0.105808  [211] 0.033960  [212] 0.007711  [213] 0.016177  [214] -0.005022  [215] -0.035381
  [216] -0.083213  [217] 0.102443  [218] 0.016822  [219] -0.001592  [220] 0.061290  [221] 0.003756
  [222] -0.062661  [223] 0.000000  [224] -0.180123  [225] 0.023861  [226] 0.005731  [227] 0.041509
  [228] -0.007338  [229] -0.028991  [230] 0.004261  [231] 0.019803  [232] 0.039045  [233] 0.062300
  [234] -0.035922  [235] 0.028728  [236] 0.081419  [237] -0.024378  [238] 0.019053  [239] 0.055471
  [240] -0.006484  [241] 0.028948  [242] -0.088746  [243] -0.066390  [244] -0.004624  [245] 0.024852
  [246] -0.065856  [247] 0.061795  [248] -0.038239  [249] 0.024817  [250] 0.004714  [251] -0.032026
  [252] -0.007835  [253] -0.047472  [254] -0.093996  [255] 0.034181  [256] 0.064633  [257] 0.051034
  [258] -0.046767  [259] 0.011720  [260] 0.103160  [261] -0.110816  [262] -0.054820  [263] -0.014442
  [264] 0.041752  [265] 0.071195  [266] -0.047568  [267] -0.139009  [268] -0.009487  [269] 0.052012
  [270] 0.105961  [271] -0.001619  [272] 0.072131  [273] 0.050620  [274] 0.016768  [275] 0.009155
  [276] 0.013884  [277] 0.067727  [278] -0.034462  [279] -0.000368  [280] -0.033304  [281] -0.011034
  [282] 0.009524  [283] 0.103127  [284] 0.006008  [285] 0.053109  [286] -0.058111  [287] 0.093694
  [288] 0.026335  [289] 0.058069  [290] -0.049983  [291] -0.027069  [292] 0.046606  [293] -0.003993
  [294] 0.049620  [295] 0.044168  [296] 0.011753  [297] -0.063803  [298] 0.002229  [299] -0.096312
  [300] -0.025619  [301] 0.055862  [302] -0.037532  [303] -0.037334  [304] 0.068567  [305] -0.005731
  [306] 0.036298  [307] 0.053957  [308] 0.104562  [309] 0.017465  [310] 0.009348  [311] -0.060703
  [312] -0.010887  [313] 0.057121  [314] -0.091652  [315] 0.054646  [316] -0.023512  [317] -0.004725
  [318] -0.004839  [319] -0.000000  [320] 0.025727  [321] 0.022120  [322] 0.062599  [323] -0.010266
  [324] 0.057385  [325] -0.002300  [326] -0.046485  [327] 0.045880  [328] -0.045735  [329] 0.051661
  [330] 0.036342  [331] 0.020511  [332] -0.022137  [333] -0.047417  [334] -0.005559  [335] -0.066226
  [336] -0.040178  [337] 0.077179  [338] -0.050413  [339] 0.011684  [340] 0.093976  [341] 0.016442
  [342] 0.009949  [343] -0.070732  [344] 0.056242  [345] -0.022614  [346] 0.022630  [347] 0.101850
  [348] 0.036152  [349] 0.028581  [350] -0.053753  [351] -0.032155  [352] 0.056551  [353] 0.071888
  [354] -0.031785  [355] 0.057339  [356] -0.001761  [357] 0.001644  [358] 0.043028  [359] 0.070123
  [360] -0.013040  [361] -0.054004  [362] -0.006514  [363] 0.097512  [364] 0.008580  [365] -0.000264
  [366] -0.052075  [367] -0.035349  [368] 0.089753  [369] 0.006400  [370] -0.022915  [371] -0.028283
  [372] 0.059253  [373] 0.092771  [374] -0.033620  [375] 0.003926  [376] 0.002003  [377] -0.024388
  [378] -0.065325  [379] 0.048216  [380] 0.037470  [381] -0.085969  [382] -0.067402  [383] 0.036896

==============================================================================
CHUNK 9 of 20
==============================================================================
id               : hdfc_equity_flexi_cap_direct_growth:fees:0299598cd397:0
scheme_key       : hdfc_equity_flexi_cap_direct_growth
scheme_name      : HDFC Equity (Flexi Cap) Fund - Direct Growth
doc_class        : fees
section          : Expense ratio
chunk_index      : 0
token_count      : 54
publisher        : aggregator
last_updated     : 2026-09-27
source_url       : https://groww.in/mutual-funds/hdfc-equity-fund-direct-growth
content_hash     : 0299598cd3970ecceeb4900eb8554a8c729cfc2b99f108d5a9aea6905dbd12ef
dims             : 384
------------------------------------------------------------------------------
  [  0] 0.031638  [  1] 0.028707  [  2] -0.072727  [  3] 0.027867  [  4] 0.004033  [  5] 0.020457
  [  6] 0.052540  [  7] 0.028509  [  8] -0.045987  [  9] -0.019053  [ 10] 0.037459  [ 11] -0.053517
  [ 12] -0.066831  [ 13] -0.022515  [ 14] -0.058444  [ 15] 0.024116  [ 16] -0.018143  [ 17] -0.071446
  [ 18] -0.046402  [ 19] 0.022442  [ 20] 0.016705  [ 21] -0.034535  [ 22] -0.009626  [ 23] 0.002225
  [ 24] 0.037238  [ 25] 0.016692  [ 26] 0.008526  [ 27] 0.052848  [ 28] -0.008874  [ 29] -0.015465
  [ 30] 0.006074  [ 31] 0.014859  [ 32] -0.008786  [ 33] -0.061672  [ 34] 0.056524  [ 35] 0.007919
  [ 36] -0.051868  [ 37] -0.043968  [ 38] 0.054443  [ 39] -0.015475  [ 40] -0.046524  [ 41] -0.033100
  [ 42] -0.089728  [ 43] 0.029235  [ 44] 0.022788  [ 45] -0.000352  [ 46] -0.073844  [ 47] 0.070225
  [ 48] 0.011579  [ 49] 0.119276  [ 50] 0.076114  [ 51] 0.064014  [ 52] -0.024246  [ 53] 0.028848
  [ 54] -0.034143  [ 55] -0.039726  [ 56] 0.014179  [ 57] 0.022856  [ 58] -0.021986  [ 59] -0.018256
  [ 60] -0.068445  [ 61] -0.025140  [ 62] -0.024451  [ 63] -0.014240  [ 64] 0.049250  [ 65] 0.001819
  [ 66] -0.022841  [ 67] -0.072416  [ 68] -0.065553  [ 69] -0.063000  [ 70] -0.072139  [ 71] -0.105150
  [ 72] -0.113908  [ 73] -0.110670  [ 74] -0.038643  [ 75] 0.043216  [ 76] 0.097911  [ 77] 0.086529
  [ 78] -0.007161  [ 79] -0.099566  [ 80] 0.015061  [ 81] 0.016706  [ 82] 0.029086  [ 83] 0.015611
  [ 84] 0.007979  [ 85] -0.028319  [ 86] 0.001474  [ 87] 0.015804  [ 88] 0.081372  [ 89] 0.066850
  [ 90] 0.029156  [ 91] 0.019004  [ 92] -0.018590  [ 93] 0.044669  [ 94] -0.002265  [ 95] 0.024820
  [ 96] -0.054991  [ 97] -0.000550  [ 98] -0.023467  [ 99] 0.003819  [100] 0.047070  [101] 0.012011
  [102] 0.006758  [103] -0.077272  [104] -0.051070  [105] 0.025135  [106] 0.040069  [107] -0.016804
  [108] 0.061566  [109] -0.024034  [110] -0.048857  [111] -0.011427  [112] 0.017229  [113] -0.089142
  [114] -0.010748  [115] 0.012300  [116] -0.028847  [117] 0.001352  [118] 0.130285  [119] -0.061776
  [120] 0.116030  [121] 0.030028  [122] 0.003865  [123] -0.065371  [124] -0.055112  [125] -0.125809
  [126] -0.015321  [127] 0.000000  [128] -0.042679  [129] -0.014554  [130] -0.037086  [131] 0.008702
  [132] -0.117311  [133] -0.033109  [134] 0.064592  [135] 0.041824  [136] -0.027598  [137] -0.034517
  [138] -0.014734  [139] -0.000363  [140] -0.052061  [141] -0.016736  [142] 0.035104  [143] -0.009848
  [144] -0.033781  [145] 0.068289  [146] 0.119341  [147] 0.002083  [148] 0.042804  [149] -0.068498
  [150] 0.027937  [151] 0.007345  [152] 0.067054  [153] 0.061914  [154] -0.042860  [155] -0.078800
  [156] -0.034079  [157] 0.024085  [158] 0.127666  [159] -0.005497  [160] 0.045389  [161] -0.105782
  [162] -0.041946  [163] 0.070538  [164] -0.004555  [165] 0.021512  [166] 0.013297  [167] -0.017374
  [168] -0.044030  [169] 0.029342  [170] 0.047477  [171] -0.030885  [172] -0.095276  [173] -0.093543
  [174] 0.179299  [175] -0.004970  [176] 0.056563  [177] 0.044059  [178] -0.048271  [179] -0.103729
  [180] -0.050980  [181] 0.017203  [182] 0.004107  [183] -0.056567  [184] -0.037388  [185] -0.036527
  [186] -0.014235  [187] -0.024097  [188] 0.014171  [189] -0.013560  [190] -0.054640  [191] -0.013569
  [192] -0.069798  [193] -0.005440  [194] -0.007103  [195] -0.017535  [196] -0.060666  [197] 0.052887
  [198] -0.006598  [199] -0.055763  [200] 0.049552  [201] -0.044161  [202] 0.044146  [203] -0.008701
  [204] 0.007388  [205] 0.008005  [206] 0.108653  [207] 0.056349  [208] -0.059489  [209] 0.005197
  [210] -0.003611  [211] -0.042951  [212] -0.032315  [213] 0.019839  [214] 0.137345  [215] -0.035238
  [216] -0.064065  [217] 0.001242  [218] 0.045211  [219] -0.054826  [220] 0.012713  [221] -0.016007
  [222] 0.055539  [223] -0.000000  [224] 0.012589  [225] 0.084335  [226] 0.000428  [227] -0.005639
  [228] -0.073621  [229] 0.051540  [230] 0.066996  [231] 0.106186  [232] -0.005108  [233] 0.084922
  [234] -0.011240  [235] 0.039148  [236] 0.017100  [237] 0.042796  [238] -0.064671  [239] -0.023931
  [240] -0.021956  [241] 0.026209  [242] -0.007347  [243] -0.058703  [244] 0.064531  [245] 0.054886
  [246] 0.052525  [247] 0.092247  [248] -0.044712  [249] -0.010444  [250] -0.042355  [251] -0.011623
  [252] 0.014278  [253] -0.024176  [254] -0.030501  [255] -0.063732  [256] 0.029209  [257] 0.086971
  [258] -0.020126  [259] -0.012423  [260] 0.023002  [261] 0.049407  [262] 0.054982  [263] 0.036653
  [264] 0.056374  [265] -0.012239  [266] 0.035720  [267] 0.007948  [268] 0.040251  [269] -0.049174
  [270] 0.009898  [271] 0.050657  [272] 0.082491  [273] -0.027614  [274] 0.008308  [275] 0.007421
  [276] -0.040014  [277] 0.050797  [278] -0.047970  [279] 0.114218  [280] 0.028441  [281] -0.018593
  [282] -0.069769  [283] -0.022344  [284] 0.014221  [285] 0.071956  [286] 0.060873  [287] 0.010285
  [288] -0.003025  [289] -0.075069  [290] 0.013611  [291] -0.030616  [292] 0.070456  [293] -0.030611
  [294] -0.026078  [295] -0.007841  [296] 0.035745  [297] -0.086160  [298] -0.007915  [299] 0.012127
  [300] 0.057375  [301] -0.063231  [302] 0.048614  [303] -0.010260  [304] -0.017783  [305] 0.023337
  [306] -0.030030  [307] 0.044283  [308] -0.034496  [309] -0.057276  [310] 0.019837  [311] -0.052842
  [312] -0.027190  [313] 0.045958  [314] -0.060550  [315] 0.018938  [316] 0.055071  [317] 0.014622
  [318] -0.025142  [319] -0.000000  [320] -0.021378  [321] 0.027514  [322] 0.058848  [323] -0.009812
  [324] 0.029643  [325] 0.009977  [326] 0.060201  [327] 0.066001  [328] -0.033871  [329] 0.082583
  [330] 0.102642  [331] 0.006412  [332] -0.107504  [333] -0.023957  [334] -0.134832  [335] -0.003195
  [336] -0.004708  [337] 0.069606  [338] 0.016683  [339] -0.048109  [340] 0.032930  [341] 0.024192
  [342] -0.006751  [343] -0.032172  [344] -0.052755  [345] -0.033873  [346] 0.030090  [347] 0.049785
  [348] -0.008135  [349] -0.057444  [350] 0.049212  [351] 0.036123  [352] 0.046371  [353] -0.039102
  [354] -0.101729  [355] 0.032214  [356] -0.006836  [357] 0.059138  [358] 0.002989  [359] 0.110116
  [360] 0.037254  [361] -0.011424  [362] 0.001348  [363] -0.044175  [364] -0.016982  [365] -0.004711
  [366] -0.177077  [367] -0.038669  [368] -0.002892  [369] -0.130605  [370] 0.054875  [371] 0.001136
  [372] -0.051142  [373] 0.049600  [374] 0.014643  [375] -0.012268  [376] -0.071327  [377] 0.041637
  [378] -0.027116  [379] 0.040352  [380] 0.091882  [381] -0.064221  [382] -0.040410  [383] 0.011243

==============================================================================
CHUNK 10 of 20
==============================================================================
id               : hdfc_equity_flexi_cap_direct_growth:fees:0299598cd397:1
scheme_key       : hdfc_equity_flexi_cap_direct_growth
scheme_name      : HDFC Equity (Flexi Cap) Fund - Direct Growth
doc_class        : fees
section          : Tax
chunk_index      : 1
token_count      : 52
publisher        : aggregator
last_updated     : 2026-09-27
source_url       : https://groww.in/mutual-funds/hdfc-equity-fund-direct-growth
content_hash     : 0299598cd3970ecceeb4900eb8554a8c729cfc2b99f108d5a9aea6905dbd12ef
dims             : 384
------------------------------------------------------------------------------
  [  0] -0.021293  [  1] -0.029618  [  2] -0.029164  [  3] -0.020686  [  4] 0.007865  [  5] 0.031351
  [  6] 0.077463  [  7] 0.045174  [  8] 0.007372  [  9] 0.005640  [ 10] 0.081646  [ 11] 0.015229
  [ 12] -0.063622  [ 13] -0.017473  [ 14] 0.016313  [ 15] 0.001828  [ 16] -0.045190  [ 17] -0.026675
  [ 18] -0.024896  [ 19] -0.023217  [ 20] 0.133668  [ 21] -0.047354  [ 22] -0.083839  [ 23] -0.030598
  [ 24] 0.100436  [ 25] -0.071269  [ 26] 0.006991  [ 27] -0.010719  [ 28] -0.022929  [ 29] -0.007546
  [ 30] 0.079517  [ 31] 0.013517  [ 32] -0.053781  [ 33] -0.046699  [ 34] -0.006254  [ 35] 0.001344
  [ 36] 0.017834  [ 37] -0.052281  [ 38] 0.011954  [ 39] -0.032596  [ 40] -0.070139  [ 41] 0.030819
  [ 42] -0.039534  [ 43] -0.044342  [ 44] 0.056719  [ 45] -0.046024  [ 46] 0.021537  [ 47] 0.065701
  [ 48] -0.024696  [ 49] 0.104064  [ 50] 0.015200  [ 51] 0.112822  [ 52] -0.015413  [ 53] 0.046769
  [ 54] -0.034637  [ 55] -0.098776  [ 56] -0.041891  [ 57] 0.088826  [ 58] -0.008977  [ 59] -0.107298
  [ 60] -0.040424  [ 61] -0.033142  [ 62] -0.002342  [ 63] -0.026288  [ 64] -0.029963  [ 65] 0.009688
  [ 66] 0.001268  [ 67] -0.078983  [ 68] -0.027861  [ 69] -0.031208  [ 70] -0.048035  [ 71] -0.086374
  [ 72] -0.011282  [ 73] -0.061664  [ 74] -0.042518  [ 75] -0.066473  [ 76] -0.004634  [ 77] 0.081750
  [ 78] -0.049440  [ 79] -0.059968  [ 80] 0.068254  [ 81] 0.050196  [ 82] -0.018107  [ 83] -0.095018
  [ 84] -0.002655  [ 85] -0.003166  [ 86] 0.016030  [ 87] 0.039706  [ 88] 0.020233  [ 89] 0.038886
  [ 90] 0.108699  [ 91] 0.040624  [ 92] 0.039597  [ 93] 0.053127  [ 94] -0.034198  [ 95] -0.032001
  [ 96] -0.007555  [ 97] -0.005717  [ 98] 0.072884  [ 99] 0.032588  [100] -0.030250  [101] 0.077013
  [102] -0.064975  [103] -0.022713  [104] 0.002324  [105] -0.017640  [106] 0.008925  [107] 0.033233
  [108] 0.027169  [109] -0.059967  [110] 0.007153  [111] 0.064172  [112] -0.003754  [113] 0.034190
  [114] -0.025650  [115] 0.062943  [116] -0.080156  [117] -0.010297  [118] -0.031215  [119] -0.038284
  [120] 0.067196  [121] 0.011888  [122] -0.006346  [123] -0.036941  [124] -0.039930  [125] -0.120648
  [126] 0.042212  [127] 0.000000  [128] -0.020238  [129] 0.027777  [130] -0.039329  [131] -0.111008
  [132] -0.034779  [133] -0.003563  [134] 0.061803  [135] 0.053902  [136] -0.018682  [137] 0.003246
  [138] -0.029215  [139] -0.033677  [140] 0.033966  [141] -0.037847  [142] 0.013568  [143] 0.058465
  [144] -0.038864  [145] 0.001003  [146] 0.079696  [147] 0.040854  [148] 0.024525  [149] -0.069208
  [150] 0.039846  [151] -0.008841  [152] -0.030122  [153] 0.066505  [154] -0.042209  [155] -0.025294
  [156] -0.046788  [157] 0.006528  [158] 0.059432  [159] 0.044113  [160] 0.064673  [161] -0.088061
  [162] -0.030352  [163] 0.083503  [164] 0.121745  [165] -0.011376  [166] 0.020569  [167] 0.009415
  [168] 0.008768  [169] 0.055603  [170] 0.047116  [171] 0.003187  [172] -0.075435  [173] -0.071342
  [174] 0.017550  [175] 0.009059  [176] -0.002331  [177] 0.075029  [178] -0.043472  [179] 0.004977
  [180] -0.003554  [181] -0.030751  [182] -0.036213  [183] -0.008279  [184] -0.015402  [185] -0.002504
  [186] 0.014128  [187] 0.013193  [188] 0.035759  [189] -0.114957  [190] 0.006013  [191] -0.025553
  [192] -0.076273  [193] -0.020563  [194] 0.114185  [195] -0.023476  [196] -0.004393  [197] -0.008964
  [198] -0.013451  [199] -0.039267  [200] 0.028322  [201] -0.024834  [202] 0.054498  [203] 0.046471
  [204] 0.051418  [205] 0.014725  [206] 0.079855  [207] 0.058701  [208] -0.041400  [209] -0.041259
  [210] -0.127045  [211] -0.058539  [212] 0.019024  [213] 0.084364  [214] 0.045958  [215] -0.055814
  [216] 0.014164  [217] 0.017189  [218] 0.084246  [219] -0.043183  [220] 0.019030  [221] -0.059784
  [222] 0.077038  [223] -0.000000  [224] 0.012884  [225] 0.038061  [226] -0.046591  [227] 0.012924
  [228] -0.061836  [229] 0.050738  [230] 0.041184  [231] 0.112577  [232] -0.102743  [233] 0.119314
  [234] 0.010067  [235] 0.019587  [236] 0.048024  [237] 0.043589  [238] 0.033227  [239] 0.029276
  [240] -0.002561  [241] 0.056565  [242] 0.006658  [243] -0.036390  [244] 0.018941  [245] 0.070115
  [246] 0.070108  [247] 0.080014  [248] -0.009033  [249] 0.057293  [250] -0.064474  [251] 0.031729
  [252] 0.000943  [253] -0.022417  [254] 0.087807  [255] -0.016583  [256] -0.049089  [257] -0.046116
  [258] 0.039774  [259] -0.025954  [260] 0.035249  [261] -0.072573  [262] 0.049559  [263] 0.050413
  [264] -0.021289  [265] 0.019652  [266] -0.016027  [267] -0.048293  [268] 0.074582  [269] -0.078746
  [270] -0.021841  [271] 0.086980  [272] 0.089826  [273] -0.074831  [274] 0.133321  [275] 0.025061
  [276] 0.021868  [277] -0.053689  [278] -0.023565  [279] 0.071354  [280] -0.033608  [281] -0.008467
  [282] -0.068980  [283] -0.035584  [284] -0.014388  [285] -0.026630  [286] -0.012467  [287] 0.088631
  [288] -0.012177  [289] -0.091242  [290] 0.100720  [291] -0.025076  [292] 0.127626  [293] -0.054826
  [294] 0.021718  [295] -0.092248  [296] 0.008686  [297] -0.021731  [298] -0.016255  [299] 0.047875
  [300] -0.042310  [301] 0.031951  [302] 0.081336  [303] 0.012406  [304] -0.028473  [305] 0.024465
  [306] 0.031792  [307] 0.021054  [308] 0.016268  [309] -0.131021  [310] 0.031101  [311] -0.050575
  [312] 0.007064  [313] -0.002989  [314] -0.002212  [315] -0.005745  [316] 0.013139  [317] -0.013912
  [318] 0.050361  [319] -0.000000  [320] 0.019655  [321] -0.012887  [322] 0.016966  [323] 0.052333
  [324] -0.013431  [325] 0.055323  [326] -0.024061  [327] -0.015476  [328] -0.091137  [329] -0.046937
  [330] 0.053584  [331] -0.038050  [332] -0.085768  [333] -0.046070  [334] -0.073212  [335] 0.023797
  [336] -0.042179  [337] 0.018934  [338] -0.001624  [339] -0.000395  [340] 0.090757  [341] 0.032901
  [342] 0.024004  [343] -0.026810  [344] -0.048629  [345] -0.015871  [346] 0.060660  [347] 0.085777
  [348] 0.018935  [349] -0.042972  [350] 0.007981  [351] -0.007860  [352] 0.013515  [353] -0.006823
  [354] -0.038305  [355] -0.060724  [356] 0.039416  [357] 0.018832  [358] 0.009068  [359] 0.009975
  [360] 0.026480  [361] -0.118794  [362] 0.002081  [363] -0.020582  [364] -0.125413  [365] -0.015303
  [366] -0.087785  [367] -0.043000  [368] -0.027583  [369] -0.120019  [370] 0.027206  [371] 0.021592
  [372] -0.079217  [373] -0.030573  [374] -0.048461  [375] 0.014117  [376] -0.088095  [377] 0.075344
  [378] -0.005184  [379] -0.036566  [380] 0.050354  [381] -0.007202  [382] -0.077486  [383] -0.024317

==============================================================================
CHUNK 11 of 20
==============================================================================
id               : hdfc_equity_flexi_cap_direct_growth:overview:5e82f902325f:0
scheme_key       : hdfc_equity_flexi_cap_direct_growth
scheme_name      : HDFC Equity (Flexi Cap) Fund - Direct Growth
doc_class        : overview
section          : HDFC Flexi Cap Direct Plan Growth
chunk_index      : 0
token_count      : 45
publisher        : aggregator
last_updated     : 2026-09-27
source_url       : https://groww.in/mutual-funds/hdfc-equity-fund-direct-growth
content_hash     : 5e82f902325f5a143cb37f54ae5ac6a69ea3ffa23062c532f120d8c4221e3d60
dims             : 384
------------------------------------------------------------------------------
  [  0] 0.108675  [  1] -0.081162  [  2] -0.097269  [  3] 0.062312  [  4] 0.151743  [  5] 0.002189
  [  6] -0.013025  [  7] 0.065728  [  8] -0.032745  [  9] -0.009146  [ 10] -0.035256  [ 11] -0.038463
  [ 12] -0.119789  [ 13] -0.005654  [ 14] -0.034313  [ 15] -0.043648  [ 16] -0.060630  [ 17] -0.073088
  [ 18] 0.024670  [ 19] 0.026768  [ 20] -0.033078  [ 21] -0.046508  [ 22] 0.041204  [ 23] -0.022690
  [ 24] 0.009850  [ 25] -0.011151  [ 26] -0.016053  [ 27] 0.089380  [ 28] -0.006657  [ 29] -0.064923
  [ 30] 0.025073  [ 31] 0.079882  [ 32] 0.050406  [ 33] -0.050521  [ 34] 0.012071  [ 35] 0.043307
  [ 36] -0.046653  [ 37] -0.050478  [ 38] 0.040156  [ 39] -0.087022  [ 40] 0.021455  [ 41] -0.000659
  [ 42] 0.048377  [ 43] -0.049048  [ 44] 0.043213  [ 45] -0.033418  [ 46] -0.029385  [ 47] 0.018647
  [ 48] 0.061313  [ 49] -0.043021  [ 50] -0.021696  [ 51] 0.011294  [ 52] 0.006258  [ 53] -0.056920
  [ 54] -0.012827  [ 55] 0.110432  [ 56] -0.057680  [ 57] -0.084831  [ 58] 0.055680  [ 59] 0.016360
  [ 60] -0.003862  [ 61] -0.044896  [ 62] 0.082570  [ 63] -0.020070  [ 64] 0.017146  [ 65] 0.056627
  [ 66] -0.022185  [ 67] -0.001045  [ 68] 0.019785  [ 69] 0.010088  [ 70] -0.036575  [ 71] -0.052915
  [ 72] -0.106418  [ 73] -0.024536  [ 74] -0.002060  [ 75] 0.060479  [ 76] 0.002197  [ 77] 0.052004
  [ 78] 0.063394  [ 79] -0.004942  [ 80] -0.065746  [ 81] -0.026256  [ 82] 0.087400  [ 83] 0.000685
  [ 84] 0.032970  [ 85] 0.003662  [ 86] 0.050705  [ 87] -0.108832  [ 88] -0.066922  [ 89] 0.002016
  [ 90] 0.067868  [ 91] 0.041947  [ 92] 0.036459  [ 93] 0.092243  [ 94] -0.060533  [ 95] -0.020483
  [ 96] -0.053930  [ 97] -0.072775  [ 98] -0.053429  [ 99] 0.017179  [100] 0.019490  [101] 0.046959
  [102] -0.038004  [103] 0.013078  [104] -0.028862  [105] -0.031309  [106] 0.017494  [107] 0.002519
  [108] 0.046705  [109] -0.004462  [110] 0.043853  [111] 0.044917  [112] -0.033885  [113] -0.012409
  [114] -0.017588  [115] -0.002434  [116] -0.109852  [117] -0.061550  [118] 0.038733  [119] 0.021001
  [120] -0.008897  [121] 0.015151  [122] -0.009957  [123] -0.028255  [124] -0.030663  [125] 0.023946
  [126] -0.037280  [127] 0.000000  [128] -0.015258  [129] 0.075874  [130] -0.030511  [131] -0.075692
  [132] -0.009904  [133] -0.059467  [134] 0.037763  [135] -0.024936  [136] -0.053353  [137] 0.028317
  [138] 0.024135  [139] 0.067045  [140] 0.007194  [141] -0.031512  [142] -0.031291  [143] -0.129770
  [144] 0.029185  [145] 0.100751  [146] -0.012522  [147] -0.001348  [148] -0.009362  [149] 0.064444
  [150] 0.070480  [151] -0.108925  [152] 0.109520  [153] 0.025604  [154] -0.013902  [155] 0.001312
  [156] 0.057648  [157] 0.071453  [158] -0.041474  [159] 0.032033  [160] -0.032029  [161] -0.048651
  [162] -0.019574  [163] -0.025671  [164] -0.031802  [165] -0.081196  [166] -0.100883  [167] 0.027248
  [168] 0.014244  [169] 0.106658  [170] 0.003670  [171] -0.042530  [172] -0.060903  [173] 0.021699
  [174] 0.033496  [175] 0.041967  [176] 0.061083  [177] -0.000034  [178] -0.135901  [179] -0.026819
  [180] -0.072497  [181] -0.016215  [182] 0.060387  [183] -0.001810  [184] -0.038370  [185] 0.028336
  [186] 0.038501  [187] 0.039435  [188] -0.043413  [189] -0.040761  [190] -0.102174  [191] 0.040701
  [192] -0.045529  [193] 0.135217  [194] 0.018360  [195] -0.042054  [196] 0.041955  [197] 0.014860
  [198] 0.045411  [199] 0.011083  [200] 0.104350  [201] 0.016815  [202] 0.047324  [203] -0.045556
  [204] 0.004950  [205] 0.084299  [206] 0.026889  [207] 0.041993  [208] -0.020468  [209] 0.085706
  [210] 0.031184  [211] -0.018039  [212] 0.036671  [213] -0.011916  [214] -0.026204  [215] 0.064583
  [216] -0.037139  [217] -0.064954  [218] 0.015903  [219] -0.055883  [220] 0.089917  [221] -0.048743
  [222] -0.087119  [223] -0.000000  [224] 0.054235  [225] -0.065422  [226] -0.042198  [227] 0.017912
  [228] 0.001215  [229] 0.023945  [230] -0.008771  [231] 0.030715  [232] 0.016475  [233] 0.008835
  [234] 0.090204  [235] 0.009008  [236] -0.023501  [237] -0.002888  [238] -0.038668  [239] -0.048802
  [240] 0.018432  [241] -0.081823  [242] 0.028262  [243] -0.090700  [244] 0.057544  [245] -0.047145
  [246] 0.050801  [247] 0.106321  [248] 0.004063  [249] 0.020700  [250] -0.057360  [251] -0.015779
  [252] -0.068482  [253] -0.031211  [254] -0.018952  [255] 0.048760  [256] -0.049881  [257] 0.042323
  [258] 0.000448  [259] -0.046223  [260] -0.031979  [261] 0.002363  [262] -0.015741  [263] 0.059237
  [264] 0.010839  [265] 0.021828  [266] 0.061209  [267] -0.079621  [268] -0.000277  [269] -0.012809
  [270] -0.021260  [271] -0.010133  [272] 0.083462  [273] 0.027604  [274] -0.044755  [275] -0.033044
  [276] 0.005705  [277] -0.004611  [278] -0.074335  [279] -0.020404  [280] 0.035798  [281] 0.011758
  [282] -0.075829  [283] 0.013183  [284] 0.068363  [285] 0.094314  [286] -0.022195  [287] 0.108099
  [288] 0.031780  [289] 0.028784  [290] -0.058454  [291] -0.129692  [292] -0.020543  [293] -0.024850
  [294] 0.059420  [295] -0.031176  [296] 0.113547  [297] 0.095250  [298] -0.047581  [299] 0.025286
  [300] 0.044488  [301] -0.009309  [302] 0.092805  [303] 0.040935  [304] 0.045589  [305] 0.043178
  [306] -0.062564  [307] 0.095104  [308] -0.058758  [309] 0.022231  [310] 0.009609  [311] -0.040710
  [312] -0.012367  [313] 0.060548  [314] -0.010740  [315] -0.026307  [316] 0.012439  [317] 0.017224
  [318] 0.009486  [319] -0.000000  [320] 0.031318  [321] -0.014381  [322] 0.017584  [323] -0.013287
  [324] 0.007325  [325] 0.012727  [326] -0.012711  [327] 0.007594  [328] -0.022755  [329] -0.021612
  [330] 0.058364  [331] 0.042466  [332] -0.068647  [333] -0.011420  [334] -0.043781  [335] -0.042394
  [336] -0.034119  [337] 0.104396  [338] 0.010062  [339] -0.049754  [340] 0.034413  [341] 0.069257
  [342] 0.074774  [343] -0.047564  [344] 0.027908  [345] -0.004569  [346] -0.010900  [347] 0.035709
  [348] 0.006777  [349] -0.008140  [350] -0.014605  [351] -0.012379  [352] 0.038961  [353] 0.021499
  [354] 0.011996  [355] 0.086278  [356] 0.004363  [357] 0.021819  [358] -0.020840  [359] 0.091427
  [360] 0.052317  [361] -0.040256  [362] 0.045084  [363] -0.084484  [364] -0.018111  [365] 0.001692
  [366] -0.076466  [367] 0.004214  [368] 0.092249  [369] -0.098443  [370] -0.044420  [371] -0.038317
  [372] -0.054832  [373] 0.038815  [374] -0.018796  [375] 0.058161  [376] -0.050102  [377] -0.012533
  [378] -0.038514  [379] 0.016559  [380] 0.063298  [381] -0.115439  [382] -0.030178  [383] 0.091257

==============================================================================
CHUNK 12 of 20
==============================================================================
id               : hdfc_equity_flexi_cap_direct_growth:riskometer:d8d5d76c880f:0
scheme_key       : hdfc_equity_flexi_cap_direct_growth
scheme_name      : HDFC Equity (Flexi Cap) Fund - Direct Growth
doc_class        : riskometer
section          : HDFC Equity (Flexi Cap) Fund - Direct Growth
chunk_index      : 0
token_count      : 8
publisher        : aggregator
last_updated     : 2026-09-27
source_url       : https://groww.in/mutual-funds/hdfc-equity-fund-direct-growth
content_hash     : d8d5d76c880f4bbed888cff6fcc8c42b1be5f58242e81f0bc4cddffdb345709c
dims             : 384
------------------------------------------------------------------------------
  [  0] 0.029415  [  1] -0.020005  [  2] -0.062792  [  3] 0.027932  [  4] 0.101694  [  5] -0.005711
  [  6] 0.042719  [  7] 0.090251  [  8] 0.003748  [  9] 0.014438  [ 10] 0.029874  [ 11] -0.034913
  [ 12] 0.006629  [ 13] 0.022972  [ 14] -0.090928  [ 15] -0.046854  [ 16] -0.006976  [ 17] -0.062383
  [ 18] -0.038029  [ 19] 0.051514  [ 20] -0.075036  [ 21] 0.001659  [ 22] -0.009295  [ 23] 0.043742
  [ 24] -0.030246  [ 25] -0.055245  [ 26] -0.005919  [ 27] 0.099713  [ 28] -0.016940  [ 29] 0.005877
  [ 30] 0.011685  [ 31] 0.054707  [ 32] 0.003659  [ 33] -0.031168  [ 34] -0.025200  [ 35] 0.039212
  [ 36] -0.071933  [ 37] -0.019037  [ 38] 0.013995  [ 39] 0.002529  [ 40] 0.020623  [ 41] -0.050260
  [ 42] 0.026881  [ 43] 0.073047  [ 44] -0.022470  [ 45] 0.034335  [ 46] 0.019593  [ 47] -0.059311
  [ 48] 0.019818  [ 49] 0.007964  [ 50] -0.063355  [ 51] -0.083768  [ 52] 0.044556  [ 53] -0.135650
  [ 54] 0.006931  [ 55] -0.047012  [ 56] -0.089270  [ 57] -0.082877  [ 58] -0.048781  [ 59] -0.012546
  [ 60] 0.063553  [ 61] -0.014216  [ 62] -0.056417  [ 63] 0.012214  [ 64] 0.022109  [ 65] 0.017985
  [ 66] -0.003461  [ 67] 0.066418  [ 68] 0.077794  [ 69] 0.016146  [ 70] 0.019193  [ 71] -0.022760
  [ 72] -0.068372  [ 73] 0.030640  [ 74] 0.022685  [ 75] 0.010118  [ 76] 0.008567  [ 77] -0.035311
  [ 78] 0.076788  [ 79] -0.021929  [ 80] 0.025744  [ 81] -0.059903  [ 82] 0.085698  [ 83] 0.019400
  [ 84] 0.036722  [ 85] 0.047808  [ 86] 0.030592  [ 87] -0.027692  [ 88] 0.039514  [ 89] -0.018718
  [ 90] 0.028521  [ 91] -0.075967  [ 92] 0.043432  [ 93] 0.092649  [ 94] 0.026133  [ 95] 0.060769
  [ 96] -0.076563  [ 97] -0.086262  [ 98] -0.077435  [ 99] 0.050549  [100] -0.027356  [101] -0.022245
  [102] -0.091295  [103] 0.075298  [104] -0.033521  [105] -0.075386  [106] 0.024952  [107] -0.016827
  [108] 0.046489  [109] 0.030435  [110] 0.006959  [111] 0.076801  [112] 0.041565  [113] -0.034581
  [114] -0.039985  [115] 0.010158  [116] -0.118077  [117] -0.006591  [118] -0.028868  [119] 0.066234
  [120] 0.019209  [121] -0.007229  [122] 0.011192  [123] -0.005524  [124] 0.016416  [125] 0.033234
  [126] 0.031817  [127] -0.000000  [128] 0.035526  [129] 0.031323  [130] 0.022069  [131] -0.012379
  [132] -0.014101  [133] 0.030461  [134] -0.023661  [135] -0.000683  [136] 0.013512  [137] 0.019810
  [138] 0.027288  [139] 0.039697  [140] -0.046243  [141] -0.003424  [142] 0.053300  [143] -0.013839
  [144] -0.018372  [145] 0.091256  [146] -0.007744  [147] -0.073257  [148] -0.054143  [149] -0.128536
  [150] -0.005692  [151] -0.066078  [152] -0.001033  [153] 0.064428  [154] 0.041837  [155] 0.019865
  [156] 0.079907  [157] 0.028527  [158] -0.021757  [159] 0.032385  [160] -0.029382  [161] -0.110558
  [162] -0.004869  [163] 0.059650  [164] -0.137897  [165] 0.014787  [166] -0.038808  [167] 0.006985
  [168] -0.020957  [169] 0.015662  [170] 0.043799  [171] 0.063376  [172] 0.073382  [173] 0.018263
  [174] -0.078778  [175] -0.068232  [176] -0.066161  [177] -0.014932  [178] -0.104212  [179] -0.043579
  [180] -0.038881  [181] 0.033415  [182] -0.097975  [183] 0.042583  [184] 0.042271  [185] -0.002994
  [186] -0.083410  [187] -0.027490  [188] -0.076934  [189] 0.057497  [190] -0.036334  [191] -0.048149
  [192] -0.009443  [193] 0.056062  [194] 0.030119  [195] -0.045290  [196] -0.014441  [197] 0.063531
  [198] -0.036423  [199] -0.013429  [200] 0.017271  [201] -0.070430  [202] -0.078925  [203] 0.024514
  [204] -0.066553  [205] 0.043145  [206] 0.060059  [207] -0.037497  [208] -0.072460  [209] -0.034441
  [210] 0.105808  [211] 0.033960  [212] 0.007711  [213] 0.016177  [214] -0.005022  [215] -0.035381
  [216] -0.083213  [217] 0.102443  [218] 0.016822  [219] -0.001592  [220] 0.061290  [221] 0.003756
  [222] -0.062661  [223] 0.000000  [224] -0.180123  [225] 0.023861  [226] 0.005731  [227] 0.041509
  [228] -0.007338  [229] -0.028991  [230] 0.004261  [231] 0.019803  [232] 0.039045  [233] 0.062300
  [234] -0.035922  [235] 0.028728  [236] 0.081419  [237] -0.024378  [238] 0.019053  [239] 0.055471
  [240] -0.006484  [241] 0.028948  [242] -0.088746  [243] -0.066390  [244] -0.004624  [245] 0.024852
  [246] -0.065856  [247] 0.061795  [248] -0.038239  [249] 0.024817  [250] 0.004714  [251] -0.032026
  [252] -0.007835  [253] -0.047472  [254] -0.093996  [255] 0.034181  [256] 0.064633  [257] 0.051034
  [258] -0.046767  [259] 0.011720  [260] 0.103160  [261] -0.110816  [262] -0.054820  [263] -0.014442
  [264] 0.041752  [265] 0.071195  [266] -0.047568  [267] -0.139009  [268] -0.009487  [269] 0.052012
  [270] 0.105961  [271] -0.001619  [272] 0.072131  [273] 0.050620  [274] 0.016768  [275] 0.009155
  [276] 0.013884  [277] 0.067727  [278] -0.034462  [279] -0.000368  [280] -0.033304  [281] -0.011034
  [282] 0.009524  [283] 0.103127  [284] 0.006008  [285] 0.053109  [286] -0.058111  [287] 0.093694
  [288] 0.026335  [289] 0.058069  [290] -0.049983  [291] -0.027069  [292] 0.046606  [293] -0.003993
  [294] 0.049620  [295] 0.044168  [296] 0.011753  [297] -0.063803  [298] 0.002229  [299] -0.096312
  [300] -0.025619  [301] 0.055862  [302] -0.037532  [303] -0.037334  [304] 0.068567  [305] -0.005731
  [306] 0.036298  [307] 0.053957  [308] 0.104562  [309] 0.017465  [310] 0.009348  [311] -0.060703
  [312] -0.010887  [313] 0.057121  [314] -0.091652  [315] 0.054646  [316] -0.023512  [317] -0.004725
  [318] -0.004839  [319] -0.000000  [320] 0.025727  [321] 0.022120  [322] 0.062599  [323] -0.010266
  [324] 0.057385  [325] -0.002300  [326] -0.046485  [327] 0.045880  [328] -0.045735  [329] 0.051661
  [330] 0.036342  [331] 0.020511  [332] -0.022137  [333] -0.047417  [334] -0.005559  [335] -0.066226
  [336] -0.040178  [337] 0.077179  [338] -0.050413  [339] 0.011684  [340] 0.093976  [341] 0.016442
  [342] 0.009949  [343] -0.070732  [344] 0.056242  [345] -0.022614  [346] 0.022630  [347] 0.101850
  [348] 0.036152  [349] 0.028581  [350] -0.053753  [351] -0.032155  [352] 0.056551  [353] 0.071888
  [354] -0.031785  [355] 0.057339  [356] -0.001761  [357] 0.001644  [358] 0.043028  [359] 0.070123
  [360] -0.013040  [361] -0.054004  [362] -0.006514  [363] 0.097512  [364] 0.008580  [365] -0.000264
  [366] -0.052075  [367] -0.035349  [368] 0.089753  [369] 0.006400  [370] -0.022915  [371] -0.028283
  [372] 0.059253  [373] 0.092771  [374] -0.033620  [375] 0.003926  [376] 0.002003  [377] -0.024388
  [378] -0.065325  [379] 0.048216  [380] 0.037470  [381] -0.085969  [382] -0.067402  [383] 0.036896

==============================================================================
CHUNK 13 of 20
==============================================================================
id               : hdfc_large_cap_direct_growth:fees:47611f3f98b8:0
scheme_key       : hdfc_large_cap_direct_growth
scheme_name      : HDFC Large Cap Fund - Direct Growth
doc_class        : fees
section          : Expense ratio
chunk_index      : 0
token_count      : 54
publisher        : aggregator
last_updated     : 2026-09-27
source_url       : https://groww.in/mutual-funds/hdfc-large-cap-fund-direct-growth
content_hash     : 47611f3f98b89155e354ba920ef47216f90e77f2b6db757d5b72ceae572c984d
dims             : 384
------------------------------------------------------------------------------
  [  0] 0.030379  [  1] 0.022524  [  2] -0.066467  [  3] 0.025762  [  4] 0.011064  [  5] 0.019630
  [  6] 0.047384  [  7] 0.029873  [  8] -0.042789  [  9] -0.018347  [ 10] 0.032302  [ 11] -0.051877
  [ 12] -0.061486  [ 13] -0.027623  [ 14] -0.056944  [ 15] 0.032181  [ 16] -0.021060  [ 17] -0.063585
  [ 18] -0.042090  [ 19] 0.017608  [ 20] 0.019460  [ 21] -0.034145  [ 22] -0.011437  [ 23] 0.004960
  [ 24] 0.038473  [ 25] 0.017737  [ 26] 0.009894  [ 27] 0.050728  [ 28] -0.006578  [ 29] -0.014381
  [ 30] 0.011131  [ 31] 0.011963  [ 32] -0.014103  [ 33] -0.064684  [ 34] 0.056009  [ 35] 0.007407
  [ 36] -0.058205  [ 37] -0.039186  [ 38] 0.056136  [ 39] -0.012871  [ 40] -0.048671  [ 41] -0.029848
  [ 42] -0.093239  [ 43] 0.023186  [ 44] 0.016297  [ 45] -0.004436  [ 46] -0.075437  [ 47] 0.072112
  [ 48] 0.011871  [ 49] 0.126609  [ 50] 0.076345  [ 51] 0.061769  [ 52] -0.027572  [ 53] 0.024874
  [ 54] -0.028364  [ 55] -0.039805  [ 56] 0.020377  [ 57] 0.026425  [ 58] -0.025022  [ 59] -0.022757
  [ 60] -0.075257  [ 61] -0.025072  [ 62] -0.025112  [ 63] -0.019770  [ 64] 0.051233  [ 65] 0.000787
  [ 66] -0.011470  [ 67] -0.066508  [ 68] -0.062942  [ 69] -0.061223  [ 70] -0.075691  [ 71] -0.105828
  [ 72] -0.115892  [ 73] -0.117621  [ 74] -0.040758  [ 75] 0.041102  [ 76] 0.099639  [ 77] 0.083397
  [ 78] -0.012510  [ 79] -0.098486  [ 80] 0.015518  [ 81] 0.027572  [ 82] 0.031295  [ 83] 0.009532
  [ 84] 0.007349  [ 85] -0.025941  [ 86] 0.008383  [ 87] 0.011558  [ 88] 0.084528  [ 89] 0.065672
  [ 90] 0.030356  [ 91] 0.019806  [ 92] -0.017636  [ 93] 0.044041  [ 94] -0.001920  [ 95] 0.020392
  [ 96] -0.058118  [ 97] 0.003136  [ 98] -0.010437  [ 99] -0.005543  [100] 0.046353  [101] 0.008838
  [102] 0.006900  [103] -0.078719  [104] -0.050856  [105] 0.017283  [106] 0.043274  [107] -0.019965
  [108] 0.067698  [109] -0.022279  [110] -0.048462  [111] -0.017883  [112] 0.010036  [113] -0.088469
  [114] -0.005237  [115] 0.014436  [116] -0.028490  [117] -0.002372  [118] 0.140778  [119] -0.066417
  [120] 0.110381  [121] 0.028210  [122] -0.000508  [123] -0.070957  [124] -0.046060  [125] -0.124463
  [126] -0.016176  [127] 0.000000  [128] -0.046425  [129] -0.014249  [130] -0.045279  [131] 0.010704
  [132] -0.114806  [133] -0.031964  [134] 0.070386  [135] 0.047104  [136] -0.028117  [137] -0.028821
  [138] -0.016116  [139] -0.005525  [140] -0.051232  [141] -0.020041  [142] 0.032714  [143] -0.015902
  [144] -0.030305  [145] 0.066904  [146] 0.116124  [147] -0.003069  [148] 0.037980  [149] -0.069271
  [150] 0.035177  [151] 0.003632  [152] 0.065807  [153] 0.056898  [154] -0.034937  [155] -0.074646
  [156] -0.036612  [157] 0.024120  [158] 0.131857  [159] -0.008164  [160] 0.040057  [161] -0.106396
  [162] -0.038385  [163] 0.070216  [164] 0.007943  [165] 0.031502  [166] 0.020103  [167] -0.019628
  [168] -0.048035  [169] 0.028272  [170] 0.044056  [171] -0.033396  [172] -0.094478  [173] -0.100326
  [174] 0.171894  [175] -0.006784  [176] 0.055693  [177] 0.040393  [178] -0.042601  [179] -0.107185
  [180] -0.042466  [181] 0.013434  [182] 0.011186  [183] -0.055173  [184] -0.037363  [185] -0.033819
  [186] -0.017959  [187] -0.017808  [188] 0.010102  [189] -0.016878  [190] -0.044803  [191] -0.010565
  [192] -0.066712  [193] -0.015841  [194] -0.006017  [195] -0.011406  [196] -0.061617  [197] 0.054294
  [198] -0.007266  [199] -0.057828  [200] 0.048680  [201] -0.048611  [202] 0.048587  [203] -0.007684
  [204] 0.007477  [205] 0.012031  [206] 0.106804  [207] 0.054666  [208] -0.060875  [209] 0.004761
  [210] -0.002996  [211] -0.041770  [212] -0.031631  [213] 0.018495  [214] 0.144794  [215] -0.039366
  [216] -0.063438  [217] -0.002094  [218] 0.050021  [219] -0.054559  [220] 0.012976  [221] -0.012886
  [222] 0.059022  [223] -0.000000  [224] 0.018913  [225] 0.091052  [226] 0.006093  [227] -0.012285
  [228] -0.076492  [229] 0.050883  [230] 0.066549  [231] 0.095538  [232] -0.008138  [233] 0.091973
  [234] -0.020764  [235] 0.040476  [236] 0.005729  [237] 0.037164  [238] -0.072396  [239] -0.025414
  [240] -0.015343  [241] 0.020617  [242] -0.005719  [243] -0.057584  [244] 0.071469  [245] 0.049873
  [246] 0.050815  [247] 0.082995  [248] -0.052400  [249] -0.012266  [250] -0.037057  [251] -0.008252
  [252] 0.018633  [253] -0.020025  [254] -0.036742  [255] -0.065363  [256] 0.037543  [257] 0.083554
  [258] -0.020161  [259] -0.009184  [260] 0.020554  [261] 0.048254  [262] 0.054087  [263] 0.047753
  [264] 0.055297  [265] -0.011615  [266] 0.032533  [267] 0.006679  [268] 0.042986  [269] -0.053680
  [270] 0.007929  [271] 0.051129  [272] 0.077557  [273] -0.025161  [274] 0.008628  [275] 0.002893
  [276] -0.039521  [277] 0.045377  [278] -0.052969  [279] 0.109376  [280] 0.033437  [281] -0.020523
  [282] -0.075776  [283] -0.016331  [284] 0.012989  [285] 0.075753  [286] 0.069368  [287] 0.008893
  [288] -0.007992  [289] -0.077005  [290] 0.018625  [291] -0.040056  [292] 0.069724  [293] -0.023953
  [294] -0.030830  [295] -0.000939  [296] 0.036600  [297] -0.083381  [298] -0.004080  [299] 0.013883
  [300] 0.052417  [301] -0.066049  [302] 0.049405  [303] -0.016827  [304] -0.015931  [305] 0.023868
  [306] -0.031818  [307] 0.047808  [308] -0.040037  [309] -0.052029  [310] 0.018843  [311] -0.054930
  [312] -0.025701  [313] 0.038708  [314] -0.055097  [315] 0.016242  [316] 0.062243  [317] 0.012657
  [318] -0.024443  [319] -0.000000  [320] -0.020944  [321] 0.031565  [322] 0.064707  [323] -0.006564
  [324] 0.029937  [325] 0.011646  [326] 0.056235  [327] 0.076232  [328] -0.033321  [329] 0.079647
  [330] 0.097728  [331] 0.007606  [332] -0.098338  [333] -0.021191  [334] -0.130130  [335] 0.001589
  [336] -0.000026  [337] 0.062160  [338] 0.015439  [339] -0.045695  [340] 0.026709  [341] 0.024162
  [342] -0.001919  [343] -0.039528  [344] -0.050668  [345] -0.038433  [346] 0.022939  [347] 0.053163
  [348] -0.009367  [349] -0.055612  [350] 0.056266  [351] 0.034694  [352] 0.047510  [353] -0.039476
  [354] -0.094046  [355] 0.030222  [356] -0.014912  [357] 0.059053  [358] 0.002832  [359] 0.113111
  [360] 0.040819  [361] -0.007999  [362] 0.000535  [363] -0.044911  [364] -0.016192  [365] -0.003618
  [366] -0.178968  [367] -0.038017  [368] -0.010551  [369] -0.129878  [370] 0.057345  [371] -0.006361
  [372] -0.051793  [373] 0.047950  [374] 0.013438  [375] -0.016463  [376] -0.071449  [377] 0.041502
  [378] -0.024609  [379] 0.039881  [380] 0.086822  [381] -0.052024  [382] -0.039945  [383] 0.007780

==============================================================================
CHUNK 14 of 20
==============================================================================
id               : hdfc_large_cap_direct_growth:fees:47611f3f98b8:1
scheme_key       : hdfc_large_cap_direct_growth
scheme_name      : HDFC Large Cap Fund - Direct Growth
doc_class        : fees
section          : Tax
chunk_index      : 1
token_count      : 52
publisher        : aggregator
last_updated     : 2026-09-27
source_url       : https://groww.in/mutual-funds/hdfc-large-cap-fund-direct-growth
content_hash     : 47611f3f98b89155e354ba920ef47216f90e77f2b6db757d5b72ceae572c984d
dims             : 384
------------------------------------------------------------------------------
  [  0] -0.021293  [  1] -0.029618  [  2] -0.029164  [  3] -0.020686  [  4] 0.007865  [  5] 0.031351
  [  6] 0.077463  [  7] 0.045174  [  8] 0.007372  [  9] 0.005640  [ 10] 0.081646  [ 11] 0.015229
  [ 12] -0.063622  [ 13] -0.017473  [ 14] 0.016313  [ 15] 0.001828  [ 16] -0.045190  [ 17] -0.026675
  [ 18] -0.024896  [ 19] -0.023217  [ 20] 0.133668  [ 21] -0.047354  [ 22] -0.083839  [ 23] -0.030598
  [ 24] 0.100436  [ 25] -0.071269  [ 26] 0.006991  [ 27] -0.010719  [ 28] -0.022929  [ 29] -0.007546
  [ 30] 0.079517  [ 31] 0.013517  [ 32] -0.053781  [ 33] -0.046699  [ 34] -0.006254  [ 35] 0.001344
  [ 36] 0.017834  [ 37] -0.052281  [ 38] 0.011954  [ 39] -0.032596  [ 40] -0.070139  [ 41] 0.030819
  [ 42] -0.039534  [ 43] -0.044342  [ 44] 0.056719  [ 45] -0.046024  [ 46] 0.021537  [ 47] 0.065701
  [ 48] -0.024696  [ 49] 0.104064  [ 50] 0.015200  [ 51] 0.112822  [ 52] -0.015413  [ 53] 0.046769
  [ 54] -0.034637  [ 55] -0.098776  [ 56] -0.041891  [ 57] 0.088826  [ 58] -0.008977  [ 59] -0.107298
  [ 60] -0.040424  [ 61] -0.033142  [ 62] -0.002342  [ 63] -0.026288  [ 64] -0.029963  [ 65] 0.009688
  [ 66] 0.001268  [ 67] -0.078983  [ 68] -0.027861  [ 69] -0.031208  [ 70] -0.048035  [ 71] -0.086374
  [ 72] -0.011282  [ 73] -0.061664  [ 74] -0.042518  [ 75] -0.066473  [ 76] -0.004634  [ 77] 0.081750
  [ 78] -0.049440  [ 79] -0.059968  [ 80] 0.068254  [ 81] 0.050196  [ 82] -0.018107  [ 83] -0.095018
  [ 84] -0.002655  [ 85] -0.003166  [ 86] 0.016030  [ 87] 0.039706  [ 88] 0.020233  [ 89] 0.038886
  [ 90] 0.108699  [ 91] 0.040624  [ 92] 0.039597  [ 93] 0.053127  [ 94] -0.034198  [ 95] -0.032001
  [ 96] -0.007555  [ 97] -0.005717  [ 98] 0.072884  [ 99] 0.032588  [100] -0.030250  [101] 0.077013
  [102] -0.064975  [103] -0.022713  [104] 0.002324  [105] -0.017640  [106] 0.008925  [107] 0.033233
  [108] 0.027169  [109] -0.059967  [110] 0.007153  [111] 0.064172  [112] -0.003754  [113] 0.034190
  [114] -0.025650  [115] 0.062943  [116] -0.080156  [117] -0.010297  [118] -0.031215  [119] -0.038284
  [120] 0.067196  [121] 0.011888  [122] -0.006346  [123] -0.036941  [124] -0.039930  [125] -0.120648
  [126] 0.042212  [127] 0.000000  [128] -0.020238  [129] 0.027777  [130] -0.039329  [131] -0.111008
  [132] -0.034779  [133] -0.003563  [134] 0.061803  [135] 0.053902  [136] -0.018682  [137] 0.003246
  [138] -0.029215  [139] -0.033677  [140] 0.033966  [141] -0.037847  [142] 0.013568  [143] 0.058465
  [144] -0.038864  [145] 0.001003  [146] 0.079696  [147] 0.040854  [148] 0.024525  [149] -0.069208
  [150] 0.039846  [151] -0.008841  [152] -0.030122  [153] 0.066505  [154] -0.042209  [155] -0.025294
  [156] -0.046788  [157] 0.006528  [158] 0.059432  [159] 0.044113  [160] 0.064673  [161] -0.088061
  [162] -0.030352  [163] 0.083503  [164] 0.121745  [165] -0.011376  [166] 0.020569  [167] 0.009415
  [168] 0.008768  [169] 0.055603  [170] 0.047116  [171] 0.003187  [172] -0.075435  [173] -0.071342
  [174] 0.017550  [175] 0.009059  [176] -0.002331  [177] 0.075029  [178] -0.043472  [179] 0.004977
  [180] -0.003554  [181] -0.030751  [182] -0.036213  [183] -0.008279  [184] -0.015402  [185] -0.002504
  [186] 0.014128  [187] 0.013193  [188] 0.035759  [189] -0.114957  [190] 0.006013  [191] -0.025553
  [192] -0.076273  [193] -0.020563  [194] 0.114185  [195] -0.023476  [196] -0.004393  [197] -0.008964
  [198] -0.013451  [199] -0.039267  [200] 0.028322  [201] -0.024834  [202] 0.054498  [203] 0.046471
  [204] 0.051418  [205] 0.014725  [206] 0.079855  [207] 0.058701  [208] -0.041400  [209] -0.041259
  [210] -0.127045  [211] -0.058539  [212] 0.019024  [213] 0.084364  [214] 0.045958  [215] -0.055814
  [216] 0.014164  [217] 0.017189  [218] 0.084246  [219] -0.043183  [220] 0.019030  [221] -0.059784
  [222] 0.077038  [223] -0.000000  [224] 0.012884  [225] 0.038061  [226] -0.046591  [227] 0.012924
  [228] -0.061836  [229] 0.050738  [230] 0.041184  [231] 0.112577  [232] -0.102743  [233] 0.119314
  [234] 0.010067  [235] 0.019587  [236] 0.048024  [237] 0.043589  [238] 0.033227  [239] 0.029276
  [240] -0.002561  [241] 0.056565  [242] 0.006658  [243] -0.036390  [244] 0.018941  [245] 0.070115
  [246] 0.070108  [247] 0.080014  [248] -0.009033  [249] 0.057293  [250] -0.064474  [251] 0.031729
  [252] 0.000943  [253] -0.022417  [254] 0.087807  [255] -0.016583  [256] -0.049089  [257] -0.046116
  [258] 0.039774  [259] -0.025954  [260] 0.035249  [261] -0.072573  [262] 0.049559  [263] 0.050413
  [264] -0.021289  [265] 0.019652  [266] -0.016027  [267] -0.048293  [268] 0.074582  [269] -0.078746
  [270] -0.021841  [271] 0.086980  [272] 0.089826  [273] -0.074831  [274] 0.133321  [275] 0.025061
  [276] 0.021868  [277] -0.053689  [278] -0.023565  [279] 0.071354  [280] -0.033608  [281] -0.008467
  [282] -0.068980  [283] -0.035584  [284] -0.014388  [285] -0.026630  [286] -0.012467  [287] 0.088631
  [288] -0.012177  [289] -0.091242  [290] 0.100720  [291] -0.025076  [292] 0.127626  [293] -0.054826
  [294] 0.021718  [295] -0.092248  [296] 0.008686  [297] -0.021731  [298] -0.016255  [299] 0.047875
  [300] -0.042310  [301] 0.031951  [302] 0.081336  [303] 0.012406  [304] -0.028473  [305] 0.024465
  [306] 0.031792  [307] 0.021054  [308] 0.016268  [309] -0.131021  [310] 0.031101  [311] -0.050575
  [312] 0.007064  [313] -0.002989  [314] -0.002212  [315] -0.005745  [316] 0.013139  [317] -0.013912
  [318] 0.050361  [319] -0.000000  [320] 0.019655  [321] -0.012887  [322] 0.016966  [323] 0.052333
  [324] -0.013431  [325] 0.055323  [326] -0.024061  [327] -0.015476  [328] -0.091137  [329] -0.046937
  [330] 0.053584  [331] -0.038050  [332] -0.085768  [333] -0.046070  [334] -0.073212  [335] 0.023797
  [336] -0.042179  [337] 0.018934  [338] -0.001624  [339] -0.000395  [340] 0.090757  [341] 0.032901
  [342] 0.024004  [343] -0.026810  [344] -0.048629  [345] -0.015871  [346] 0.060660  [347] 0.085777
  [348] 0.018935  [349] -0.042972  [350] 0.007981  [351] -0.007860  [352] 0.013515  [353] -0.006823
  [354] -0.038305  [355] -0.060724  [356] 0.039416  [357] 0.018832  [358] 0.009068  [359] 0.009975
  [360] 0.026480  [361] -0.118794  [362] 0.002081  [363] -0.020582  [364] -0.125413  [365] -0.015303
  [366] -0.087785  [367] -0.043000  [368] -0.027583  [369] -0.120019  [370] 0.027206  [371] 0.021592
  [372] -0.079217  [373] -0.030573  [374] -0.048461  [375] 0.014117  [376] -0.088095  [377] 0.075344
  [378] -0.005184  [379] -0.036566  [380] 0.050354  [381] -0.007202  [382] -0.077486  [383] -0.024317

==============================================================================
CHUNK 15 of 20
==============================================================================
id               : hdfc_large_cap_direct_growth:overview:a73b98967ae4:0
scheme_key       : hdfc_large_cap_direct_growth
scheme_name      : HDFC Large Cap Fund - Direct Growth
doc_class        : overview
section          : HDFC Large Cap Fund Direct Growth
chunk_index      : 0
token_count      : 41
publisher        : aggregator
last_updated     : 2026-09-27
source_url       : https://groww.in/mutual-funds/hdfc-large-cap-fund-direct-growth
content_hash     : a73b98967ae461c3ba76a6a764e83f0e283daced487f9ecdb096cfd61e6c32f4
dims             : 384
------------------------------------------------------------------------------
  [  0] 0.112372  [  1] -0.082011  [  2] -0.062815  [  3] 0.045233  [  4] 0.136137  [  5] -0.001266
  [  6] 0.015521  [  7] 0.040158  [  8] -0.044735  [  9] 0.041798  [ 10] -0.048937  [ 11] -0.054656
  [ 12] -0.121248  [ 13] -0.013756  [ 14] -0.075457  [ 15] -0.044201  [ 16] -0.040446  [ 17] -0.049925
  [ 18] 0.048371  [ 19] -0.012906  [ 20] -0.048186  [ 21] -0.018118  [ 22] 0.037838  [ 23] 0.009847
  [ 24] 0.040040  [ 25] -0.033783  [ 26] -0.052474  [ 27] 0.052171  [ 28] -0.018131  [ 29] -0.069033
  [ 30] -0.000566  [ 31] 0.033372  [ 32] 0.078696  [ 33] -0.030240  [ 34] -0.025078  [ 35] 0.048960
  [ 36] -0.052797  [ 37] -0.033128  [ 38] 0.015872  [ 39] -0.085214  [ 40] 0.062559  [ 41] 0.015940
  [ 42] 0.051323  [ 43] -0.041495  [ 44] 0.056040  [ 45] -0.006647  [ 46] -0.038476  [ 47] 0.012710
  [ 48] 0.030040  [ 49] -0.044730  [ 50] -0.053269  [ 51] 0.001329  [ 52] -0.008787  [ 53] -0.048369
  [ 54] 0.010454  [ 55] 0.105963  [ 56] -0.042511  [ 57] -0.099444  [ 58] 0.044124  [ 59] 0.013217
  [ 60] -0.037336  [ 61] -0.014044  [ 62] 0.030993  [ 63] -0.055307  [ 64] 0.062084  [ 65] 0.032560
  [ 66] -0.005100  [ 67] 0.013144  [ 68] 0.028377  [ 69] 0.017396  [ 70] -0.033023  [ 71] -0.058152
  [ 72] -0.091072  [ 73] -0.005812  [ 74] -0.009701  [ 75] 0.049710  [ 76] -0.038190  [ 77] 0.042657
  [ 78] 0.076642  [ 79] -0.017912  [ 80] -0.045589  [ 81] 0.016495  [ 82] 0.097915  [ 83] -0.014773
  [ 84] 0.015400  [ 85] -0.005587  [ 86] 0.071227  [ 87] -0.107464  [ 88] -0.075505  [ 89] -0.036280
  [ 90] 0.070011  [ 91] 0.024733  [ 92] 0.020555  [ 93] 0.121505  [ 94] -0.042428  [ 95] -0.025057
  [ 96] -0.014700  [ 97] -0.038615  [ 98] -0.031213  [ 99] 0.015950  [100] 0.048101  [101] 0.064108
  [102] -0.045524  [103] -0.026630  [104] -0.022911  [105] -0.007680  [106] 0.030060  [107] 0.021414
  [108] 0.037667  [109] -0.010741  [110] 0.031177  [111] 0.069262  [112] -0.068681  [113] -0.020291
  [114] 0.000676  [115] 0.004305  [116] -0.062089  [117] -0.098301  [118] -0.021170  [119] -0.007566
  [120] 0.014420  [121] -0.007949  [122] -0.019339  [123] -0.067568  [124] -0.041244  [125] 0.031837
  [126] -0.009035  [127] 0.000000  [128] -0.024172  [129] 0.064456  [130] 0.006543  [131] -0.069311
  [132] -0.032188  [133] -0.045072  [134] 0.039181  [135] -0.005972  [136] -0.053544  [137] 0.052103
  [138] -0.004511  [139] 0.064268  [140] -0.010254  [141] -0.037814  [142] -0.058599  [143] -0.136458
  [144] 0.028301  [145] 0.120168  [146] -0.028998  [147] -0.002910  [148] 0.009504  [149] 0.092805
  [150] 0.029536  [151] -0.108072  [152] 0.124885  [153] 0.010399  [154] -0.012075  [155] -0.008274
  [156] 0.064161  [157] 0.070064  [158] -0.017417  [159] 0.013928  [160] -0.027830  [161] -0.058351
  [162] -0.053777  [163] -0.060077  [164] -0.031663  [165] -0.054550  [166] -0.062787  [167] 0.019082
  [168] 0.023809  [169] 0.106041  [170] 0.010902  [171] -0.038277  [172] -0.079255  [173] 0.030602
  [174] 0.053685  [175] 0.034056  [176] 0.017551  [177] 0.032384  [178] -0.085652  [179] -0.059736
  [180] -0.058947  [181] 0.012006  [182] 0.072245  [183] 0.013216  [184] -0.020363  [185] 0.051637
  [186] 0.025601  [187] 0.040556  [188] -0.000357  [189] -0.024028  [190] -0.118397  [191] 0.053287
  [192] -0.066899  [193] 0.099867  [194] 0.040116  [195] -0.023721  [196] 0.018890  [197] -0.008741
  [198] 0.052479  [199] 0.018320  [200] 0.067575  [201] 0.017274  [202] 0.032517  [203] -0.070529
  [204] 0.010672  [205] 0.116400  [206] 0.005355  [207] 0.026092  [208] -0.003861  [209] 0.072795
  [210] 0.013260  [211] -0.031929  [212] 0.032746  [213] -0.018710  [214] -0.024072  [215] 0.036868
  [216] -0.056689  [217] -0.054432  [218] 0.016797  [219] -0.031157  [220] 0.114860  [221] -0.039122
  [222] -0.099307  [223] -0.000000  [224] 0.063216  [225] -0.055632  [226] -0.034817  [227] 0.040972
  [228] -0.004527  [229] 0.016912  [230] -0.009017  [231] 0.044550  [232] -0.000184  [233] 0.016344
  [234] 0.108392  [235] -0.000243  [236] 0.031217  [237] -0.016373  [238] -0.043962  [239] -0.078929
  [240] 0.028417  [241] -0.036731  [242] -0.005978  [243] -0.099317  [244] 0.035929  [245] -0.015866
  [246] 0.056277  [247] 0.100994  [248] -0.028330  [249] 0.020625  [250] -0.071929  [251] 0.007730
  [252] -0.051845  [253] -0.013222  [254] -0.026631  [255] 0.071757  [256] -0.055481  [257] 0.065595
  [258] -0.036405  [259] -0.032453  [260] 0.024146  [261] -0.004065  [262] -0.027866  [263] 0.048288
  [264] 0.002275  [265] 0.014992  [266] 0.062041  [267] -0.099914  [268] 0.015407  [269] 0.008764
  [270] -0.026468  [271] 0.038076  [272] 0.089912  [273] 0.042467  [274] -0.025031  [275] -0.038415
  [276] 0.037088  [277] 0.010177  [278] -0.094818  [279] 0.034551  [280] 0.016329  [281] 0.020872
  [282] -0.034357  [283] 0.016954  [284] 0.051783  [285] 0.065995  [286] -0.039128  [287] 0.098631
  [288] 0.011627  [289] 0.007232  [290] -0.076405  [291] -0.098945  [292] -0.006726  [293] -0.032918
  [294] 0.021211  [295] -0.031517  [296] 0.084286  [297] 0.085913  [298] -0.042122  [299] 0.041424
  [300] 0.054555  [301] 0.012253  [302] 0.100421  [303] 0.044169  [304] 0.083067  [305] 0.062417
  [306] -0.015938  [307] 0.087977  [308] -0.039920  [309] 0.027300  [310] 0.004607  [311] -0.099155
  [312] -0.046285  [313] 0.054803  [314] -0.015456  [315] -0.071308  [316] -0.011837  [317] 0.018747
  [318] 0.020954  [319] -0.000000  [320] 0.057400  [321] -0.013165  [322] 0.018337  [323] -0.022962
  [324] -0.036855  [325] -0.016930  [326] -0.013298  [327] 0.056348  [328] -0.014977  [329] 0.000511
  [330] 0.066424  [331] 0.043531  [332] -0.089686  [333] -0.000646  [334] -0.033987  [335] -0.065473
  [336] -0.059764  [337] 0.083548  [338] -0.008634  [339] -0.042068  [340] 0.054996  [341] 0.050638
  [342] 0.086633  [343] -0.027665  [344] 0.042775  [345] -0.003426  [346] 0.020172  [347] 0.048361
  [348] -0.026691  [349] -0.022753  [350] 0.018973  [351] -0.014326  [352] -0.012629  [353] 0.034776
  [354] 0.030565  [355] 0.084769  [356] -0.028682  [357] 0.017507  [358] 0.003193  [359] 0.062952
  [360] 0.044279  [361] -0.043418  [362] 0.028735  [363] -0.063514  [364] -0.028094  [365] 0.015109
  [366] -0.085199  [367] 0.027875  [368] 0.074876  [369] -0.105287  [370] -0.016770  [371] -0.041764
  [372] -0.032050  [373] 0.003160  [374] -0.019290  [375] 0.068982  [376] -0.041613  [377] -0.004866
  [378] -0.022852  [379] 0.000621  [380] 0.095620  [381] -0.106200  [382] -0.015526  [383] 0.115269

==============================================================================
CHUNK 16 of 20
==============================================================================
id               : hdfc_large_cap_direct_growth:riskometer:d8d5d76c880f:0
scheme_key       : hdfc_large_cap_direct_growth
scheme_name      : HDFC Large Cap Fund - Direct Growth
doc_class        : riskometer
section          : HDFC Large Cap Fund - Direct Growth
chunk_index      : 0
token_count      : 8
publisher        : aggregator
last_updated     : 2026-09-27
source_url       : https://groww.in/mutual-funds/hdfc-large-cap-fund-direct-growth
content_hash     : d8d5d76c880f4bbed888cff6fcc8c42b1be5f58242e81f0bc4cddffdb345709c
dims             : 384
------------------------------------------------------------------------------
  [  0] 0.029415  [  1] -0.020005  [  2] -0.062792  [  3] 0.027932  [  4] 0.101694  [  5] -0.005711
  [  6] 0.042719  [  7] 0.090251  [  8] 0.003748  [  9] 0.014438  [ 10] 0.029874  [ 11] -0.034913
  [ 12] 0.006629  [ 13] 0.022972  [ 14] -0.090928  [ 15] -0.046854  [ 16] -0.006976  [ 17] -0.062383
  [ 18] -0.038029  [ 19] 0.051514  [ 20] -0.075036  [ 21] 0.001659  [ 22] -0.009295  [ 23] 0.043742
  [ 24] -0.030246  [ 25] -0.055245  [ 26] -0.005919  [ 27] 0.099713  [ 28] -0.016940  [ 29] 0.005877
  [ 30] 0.011685  [ 31] 0.054707  [ 32] 0.003659  [ 33] -0.031168  [ 34] -0.025200  [ 35] 0.039212
  [ 36] -0.071933  [ 37] -0.019037  [ 38] 0.013995  [ 39] 0.002529  [ 40] 0.020623  [ 41] -0.050260
  [ 42] 0.026881  [ 43] 0.073047  [ 44] -0.022470  [ 45] 0.034335  [ 46] 0.019593  [ 47] -0.059311
  [ 48] 0.019818  [ 49] 0.007964  [ 50] -0.063355  [ 51] -0.083768  [ 52] 0.044556  [ 53] -0.135650
  [ 54] 0.006931  [ 55] -0.047012  [ 56] -0.089270  [ 57] -0.082877  [ 58] -0.048781  [ 59] -0.012546
  [ 60] 0.063553  [ 61] -0.014216  [ 62] -0.056417  [ 63] 0.012214  [ 64] 0.022109  [ 65] 0.017985
  [ 66] -0.003461  [ 67] 0.066418  [ 68] 0.077794  [ 69] 0.016146  [ 70] 0.019193  [ 71] -0.022760
  [ 72] -0.068372  [ 73] 0.030640  [ 74] 0.022685  [ 75] 0.010118  [ 76] 0.008567  [ 77] -0.035311
  [ 78] 0.076788  [ 79] -0.021929  [ 80] 0.025744  [ 81] -0.059903  [ 82] 0.085698  [ 83] 0.019400
  [ 84] 0.036722  [ 85] 0.047808  [ 86] 0.030592  [ 87] -0.027692  [ 88] 0.039514  [ 89] -0.018718
  [ 90] 0.028521  [ 91] -0.075967  [ 92] 0.043432  [ 93] 0.092649  [ 94] 0.026133  [ 95] 0.060769
  [ 96] -0.076563  [ 97] -0.086262  [ 98] -0.077435  [ 99] 0.050549  [100] -0.027356  [101] -0.022245
  [102] -0.091295  [103] 0.075298  [104] -0.033521  [105] -0.075386  [106] 0.024952  [107] -0.016827
  [108] 0.046489  [109] 0.030435  [110] 0.006959  [111] 0.076801  [112] 0.041565  [113] -0.034581
  [114] -0.039985  [115] 0.010158  [116] -0.118077  [117] -0.006591  [118] -0.028868  [119] 0.066234
  [120] 0.019209  [121] -0.007229  [122] 0.011192  [123] -0.005524  [124] 0.016416  [125] 0.033234
  [126] 0.031817  [127] -0.000000  [128] 0.035526  [129] 0.031323  [130] 0.022069  [131] -0.012379
  [132] -0.014101  [133] 0.030461  [134] -0.023661  [135] -0.000683  [136] 0.013512  [137] 0.019810
  [138] 0.027288  [139] 0.039697  [140] -0.046243  [141] -0.003424  [142] 0.053300  [143] -0.013839
  [144] -0.018372  [145] 0.091256  [146] -0.007744  [147] -0.073257  [148] -0.054143  [149] -0.128536
  [150] -0.005692  [151] -0.066078  [152] -0.001033  [153] 0.064428  [154] 0.041837  [155] 0.019865
  [156] 0.079907  [157] 0.028527  [158] -0.021757  [159] 0.032385  [160] -0.029382  [161] -0.110558
  [162] -0.004869  [163] 0.059650  [164] -0.137897  [165] 0.014787  [166] -0.038808  [167] 0.006985
  [168] -0.020957  [169] 0.015662  [170] 0.043799  [171] 0.063376  [172] 0.073382  [173] 0.018263
  [174] -0.078778  [175] -0.068232  [176] -0.066161  [177] -0.014932  [178] -0.104212  [179] -0.043579
  [180] -0.038881  [181] 0.033415  [182] -0.097975  [183] 0.042583  [184] 0.042271  [185] -0.002994
  [186] -0.083410  [187] -0.027490  [188] -0.076934  [189] 0.057497  [190] -0.036334  [191] -0.048149
  [192] -0.009443  [193] 0.056062  [194] 0.030119  [195] -0.045290  [196] -0.014441  [197] 0.063531
  [198] -0.036423  [199] -0.013429  [200] 0.017271  [201] -0.070430  [202] -0.078925  [203] 0.024514
  [204] -0.066553  [205] 0.043145  [206] 0.060059  [207] -0.037497  [208] -0.072460  [209] -0.034441
  [210] 0.105808  [211] 0.033960  [212] 0.007711  [213] 0.016177  [214] -0.005022  [215] -0.035381
  [216] -0.083213  [217] 0.102443  [218] 0.016822  [219] -0.001592  [220] 0.061290  [221] 0.003756
  [222] -0.062661  [223] 0.000000  [224] -0.180123  [225] 0.023861  [226] 0.005731  [227] 0.041509
  [228] -0.007338  [229] -0.028991  [230] 0.004261  [231] 0.019803  [232] 0.039045  [233] 0.062300
  [234] -0.035922  [235] 0.028728  [236] 0.081419  [237] -0.024378  [238] 0.019053  [239] 0.055471
  [240] -0.006484  [241] 0.028948  [242] -0.088746  [243] -0.066390  [244] -0.004624  [245] 0.024852
  [246] -0.065856  [247] 0.061795  [248] -0.038239  [249] 0.024817  [250] 0.004714  [251] -0.032026
  [252] -0.007835  [253] -0.047472  [254] -0.093996  [255] 0.034181  [256] 0.064633  [257] 0.051034
  [258] -0.046767  [259] 0.011720  [260] 0.103160  [261] -0.110816  [262] -0.054820  [263] -0.014442
  [264] 0.041752  [265] 0.071195  [266] -0.047568  [267] -0.139009  [268] -0.009487  [269] 0.052012
  [270] 0.105961  [271] -0.001619  [272] 0.072131  [273] 0.050620  [274] 0.016768  [275] 0.009155
  [276] 0.013884  [277] 0.067727  [278] -0.034462  [279] -0.000368  [280] -0.033304  [281] -0.011034
  [282] 0.009524  [283] 0.103127  [284] 0.006008  [285] 0.053109  [286] -0.058111  [287] 0.093694
  [288] 0.026335  [289] 0.058069  [290] -0.049983  [291] -0.027069  [292] 0.046606  [293] -0.003993
  [294] 0.049620  [295] 0.044168  [296] 0.011753  [297] -0.063803  [298] 0.002229  [299] -0.096312
  [300] -0.025619  [301] 0.055862  [302] -0.037532  [303] -0.037334  [304] 0.068567  [305] -0.005731
  [306] 0.036298  [307] 0.053957  [308] 0.104562  [309] 0.017465  [310] 0.009348  [311] -0.060703
  [312] -0.010887  [313] 0.057121  [314] -0.091652  [315] 0.054646  [316] -0.023512  [317] -0.004725
  [318] -0.004839  [319] -0.000000  [320] 0.025727  [321] 0.022120  [322] 0.062599  [323] -0.010266
  [324] 0.057385  [325] -0.002300  [326] -0.046485  [327] 0.045880  [328] -0.045735  [329] 0.051661
  [330] 0.036342  [331] 0.020511  [332] -0.022137  [333] -0.047417  [334] -0.005559  [335] -0.066226
  [336] -0.040178  [337] 0.077179  [338] -0.050413  [339] 0.011684  [340] 0.093976  [341] 0.016442
  [342] 0.009949  [343] -0.070732  [344] 0.056242  [345] -0.022614  [346] 0.022630  [347] 0.101850
  [348] 0.036152  [349] 0.028581  [350] -0.053753  [351] -0.032155  [352] 0.056551  [353] 0.071888
  [354] -0.031785  [355] 0.057339  [356] -0.001761  [357] 0.001644  [358] 0.043028  [359] 0.070123
  [360] -0.013040  [361] -0.054004  [362] -0.006514  [363] 0.097512  [364] 0.008580  [365] -0.000264
  [366] -0.052075  [367] -0.035349  [368] 0.089753  [369] 0.006400  [370] -0.022915  [371] -0.028283
  [372] 0.059253  [373] 0.092771  [374] -0.033620  [375] 0.003926  [376] 0.002003  [377] -0.024388
  [378] -0.065325  [379] 0.048216  [380] 0.037470  [381] -0.085969  [382] -0.067402  [383] 0.036896

==============================================================================
CHUNK 17 of 20
==============================================================================
id               : hdfc_small_cap_direct_growth:fees:024624aed9db:0
scheme_key       : hdfc_small_cap_direct_growth
scheme_name      : HDFC Small Cap Fund - Direct Growth
doc_class        : fees
section          : Expense ratio
chunk_index      : 0
token_count      : 54
publisher        : aggregator
last_updated     : 2026-09-27
source_url       : https://groww.in/mutual-funds/hdfc-small-cap-fund-direct-growth
content_hash     : 024624aed9dbb628d8b07ea76f5f91fed62a11a9c74a34a2a52738de53ab16d3
dims             : 384
------------------------------------------------------------------------------
  [  0] 0.030899  [  1] 0.028606  [  2] -0.068066  [  3] 0.029057  [  4] 0.003426  [  5] 0.019163
  [  6] 0.049105  [  7] 0.030309  [  8] -0.047129  [  9] -0.020079  [ 10] 0.035680  [ 11] -0.049081
  [ 12] -0.065155  [ 13] -0.026393  [ 14] -0.058684  [ 15] 0.027232  [ 16] -0.017593  [ 17] -0.074790
  [ 18] -0.043587  [ 19] 0.023718  [ 20] 0.014466  [ 21] -0.036763  [ 22] -0.009928  [ 23] 0.002509
  [ 24] 0.035728  [ 25] 0.022191  [ 26] 0.003645  [ 27] 0.050269  [ 28] -0.010084  [ 29] -0.018862
  [ 30] 0.005072  [ 31] 0.012927  [ 32] -0.013022  [ 33] -0.062516  [ 34] 0.057641  [ 35] 0.006700
  [ 36] -0.055553  [ 37] -0.041452  [ 38] 0.055865  [ 39] -0.018018  [ 40] -0.046017  [ 41] -0.029993
  [ 42] -0.094288  [ 43] 0.028677  [ 44] 0.019010  [ 45] -0.003051  [ 46] -0.070531  [ 47] 0.069949
  [ 48] 0.013308  [ 49] 0.121901  [ 50] 0.077249  [ 51] 0.064116  [ 52] -0.019371  [ 53] 0.028885
  [ 54] -0.032141  [ 55] -0.036244  [ 56] 0.020356  [ 57] 0.023436  [ 58] -0.022273  [ 59] -0.018405
  [ 60] -0.072911  [ 61] -0.022992  [ 62] -0.023011  [ 63] -0.017700  [ 64] 0.050840  [ 65] 0.001636
  [ 66] -0.021472  [ 67] -0.072902  [ 68] -0.067189  [ 69] -0.059268  [ 70] -0.073461  [ 71] -0.102267
  [ 72] -0.116219  [ 73] -0.111731  [ 74] -0.037592  [ 75] 0.045341  [ 76] 0.093642  [ 77] 0.082357
  [ 78] -0.006613  [ 79] -0.096996  [ 80] 0.015461  [ 81] 0.016644  [ 82] 0.031910  [ 83] 0.016219
  [ 84] 0.006155  [ 85] -0.030827  [ 86] 0.003453  [ 87] 0.016483  [ 88] 0.085747  [ 89] 0.068167
  [ 90] 0.024783  [ 91] 0.019487  [ 92] -0.017453  [ 93] 0.045855  [ 94] -0.000951  [ 95] 0.024575
  [ 96] -0.053392  [ 97] 0.000398  [ 98] -0.026009  [ 99] -0.002616  [100] 0.046229  [101] 0.013644
  [102] 0.006276  [103] -0.078304  [104] -0.046069  [105] 0.023058  [106] 0.042644  [107] -0.020180
  [108] 0.065090  [109] -0.024880  [110] -0.046133  [111] -0.011970  [112] 0.013034  [113] -0.088949
  [114] -0.007239  [115] 0.011876  [116] -0.028883  [117] 0.002308  [118] 0.132639  [119] -0.063836
  [120] 0.111757  [121] 0.029667  [122] 0.004089  [123] -0.067204  [124] -0.046080  [125] -0.122665
  [126] -0.016401  [127] 0.000000  [128] -0.041626  [129] -0.012622  [130] -0.038342  [131] 0.006602
  [132] -0.113205  [133] -0.036799  [134] 0.067534  [135] 0.044232  [136] -0.028230  [137] -0.030530
  [138] -0.016473  [139] -0.005851  [140] -0.049577  [141] -0.017086  [142] 0.038672  [143] -0.012942
  [144] -0.031112  [145] 0.063641  [146] 0.115532  [147] 0.001303  [148] 0.039517  [149] -0.067837
  [150] 0.026741  [151] 0.003706  [152] 0.065347  [153] 0.061332  [154] -0.045068  [155] -0.078139
  [156] -0.038254  [157] 0.023766  [158] 0.121989  [159] -0.009692  [160] 0.042378  [161] -0.103009
  [162] -0.039412  [163] 0.062499  [164] 0.000919  [165] 0.028157  [166] 0.016530  [167] -0.023658
  [168] -0.045750  [169] 0.032402  [170] 0.046976  [171] -0.031272  [172] -0.095903  [173] -0.094547
  [174] 0.180904  [175] -0.010452  [176] 0.053038  [177] 0.041802  [178] -0.046615  [179] -0.101066
  [180] -0.044253  [181] 0.017471  [182] 0.001079  [183] -0.055297  [184] -0.037702  [185] -0.035282
  [186] -0.013837  [187] -0.020370  [188] 0.014702  [189] -0.015904  [190] -0.050653  [191] -0.019154
  [192] -0.064257  [193] -0.008425  [194] -0.006879  [195] -0.017352  [196] -0.060828  [197] 0.056099
  [198] -0.006496  [199] -0.056402  [200] 0.049761  [201] -0.050120  [202] 0.050257  [203] -0.004384
  [204] 0.004791  [205] 0.010175  [206] 0.112217  [207] 0.055192  [208] -0.057064  [209] 0.004592
  [210] -0.000378  [211] -0.049543  [212] -0.028924  [213] 0.018172  [214] 0.141101  [215] -0.039282
  [216] -0.063680  [217] 0.006043  [218] 0.046387  [219] -0.051867  [220] 0.010674  [221] -0.014723
  [222] 0.057385  [223] -0.000000  [224] 0.012448  [225] 0.088594  [226] 0.003371  [227] -0.007190
  [228] -0.077435  [229] 0.050045  [230] 0.067388  [231] 0.104695  [232] -0.006840  [233] 0.087420
  [234] -0.011394  [235] 0.042472  [236] 0.010378  [237] 0.042396  [238] -0.068824  [239] -0.021917
  [240] -0.022043  [241] 0.026156  [242] -0.001975  [243] -0.064666  [244] 0.063270  [245] 0.051961
  [246] 0.050868  [247] 0.093484  [248] -0.047057  [249] -0.013397  [250] -0.038921  [251] -0.008904
  [252] 0.017362  [253] -0.026419  [254] -0.028849  [255] -0.058467  [256] 0.035852  [257] 0.087965
  [258] -0.020103  [259] -0.008921  [260] 0.019192  [261] 0.055613  [262] 0.056729  [263] 0.036531
  [264] 0.053269  [265] -0.015372  [266] 0.032010  [267] 0.010124  [268] 0.042225  [269] -0.052211
  [270] 0.006930  [271] 0.049128  [272] 0.074899  [273] -0.022243  [274] 0.006783  [275] 0.003493
  [276] -0.042417  [277] 0.048844  [278] -0.047870  [279] 0.110886  [280] 0.030553  [281] -0.020042
  [282] -0.073508  [283] -0.023233  [284] 0.014841  [285] 0.075336  [286] 0.065265  [287] 0.004888
  [288] -0.003087  [289] -0.075302  [290] 0.018612  [291] -0.036453  [292] 0.067456  [293] -0.028956
  [294] -0.031167  [295] -0.008750  [296] 0.032836  [297] -0.083949  [298] -0.004400  [299] 0.012065
  [300] 0.061848  [301] -0.064545  [302] 0.047857  [303] -0.014379  [304] -0.018966  [305] 0.020579
  [306] -0.032964  [307] 0.042493  [308] -0.033889  [309] -0.053712  [310] 0.018888  [311] -0.055777
  [312] -0.029435  [313] 0.049196  [314] -0.057939  [315] 0.020982  [316] 0.057601  [317] 0.012422
  [318] -0.023972  [319] -0.000000  [320] -0.021486  [321] 0.033153  [322] 0.061395  [323] -0.008217
  [324] 0.029849  [325] 0.011868  [326] 0.060154  [327] 0.069281  [328] -0.034255  [329] 0.085475
  [330] 0.101650  [331] 0.006714  [332] -0.104971  [333] -0.019729  [334] -0.135417  [335] -0.004246
  [336] 0.003034  [337] 0.066862  [338] 0.015710  [339] -0.047764  [340] 0.030442  [341] 0.026251
  [342] -0.009179  [343] -0.036507  [344] -0.052514  [345] -0.034598  [346] 0.031228  [347] 0.047778
  [348] -0.011034  [349] -0.058167  [350] 0.051309  [351] 0.037706  [352] 0.043548  [353] -0.038036
  [354] -0.096346  [355] 0.028754  [356] -0.009003  [357] 0.057482  [358] 0.006482  [359] 0.112577
  [360] 0.039118  [361] -0.010167  [362] -0.000837  [363] -0.046366  [364] -0.015940  [365] -0.001048
  [366] -0.179253  [367] -0.037112  [368] -0.003287  [369] -0.129208  [370] 0.059992  [371] -0.002561
  [372] -0.051525  [373] 0.048752  [374] 0.016604  [375] -0.017108  [376] -0.072437  [377] 0.043462
  [378] -0.026065  [379] 0.041206  [380] 0.093299  [381] -0.066127  [382] -0.043945  [383] 0.010013

==============================================================================
CHUNK 18 of 20
==============================================================================
id               : hdfc_small_cap_direct_growth:fees:024624aed9db:1
scheme_key       : hdfc_small_cap_direct_growth
scheme_name      : HDFC Small Cap Fund - Direct Growth
doc_class        : fees
section          : Tax
chunk_index      : 1
token_count      : 52
publisher        : aggregator
last_updated     : 2026-09-27
source_url       : https://groww.in/mutual-funds/hdfc-small-cap-fund-direct-growth
content_hash     : 024624aed9dbb628d8b07ea76f5f91fed62a11a9c74a34a2a52738de53ab16d3
dims             : 384
------------------------------------------------------------------------------
  [  0] -0.021293  [  1] -0.029618  [  2] -0.029164  [  3] -0.020686  [  4] 0.007865  [  5] 0.031351
  [  6] 0.077463  [  7] 0.045174  [  8] 0.007372  [  9] 0.005640  [ 10] 0.081646  [ 11] 0.015229
  [ 12] -0.063622  [ 13] -0.017473  [ 14] 0.016313  [ 15] 0.001828  [ 16] -0.045190  [ 17] -0.026675
  [ 18] -0.024896  [ 19] -0.023217  [ 20] 0.133668  [ 21] -0.047354  [ 22] -0.083839  [ 23] -0.030598
  [ 24] 0.100436  [ 25] -0.071269  [ 26] 0.006991  [ 27] -0.010719  [ 28] -0.022929  [ 29] -0.007546
  [ 30] 0.079517  [ 31] 0.013517  [ 32] -0.053781  [ 33] -0.046699  [ 34] -0.006254  [ 35] 0.001344
  [ 36] 0.017834  [ 37] -0.052281  [ 38] 0.011954  [ 39] -0.032596  [ 40] -0.070139  [ 41] 0.030819
  [ 42] -0.039534  [ 43] -0.044342  [ 44] 0.056719  [ 45] -0.046024  [ 46] 0.021537  [ 47] 0.065701
  [ 48] -0.024696  [ 49] 0.104064  [ 50] 0.015200  [ 51] 0.112822  [ 52] -0.015413  [ 53] 0.046769
  [ 54] -0.034637  [ 55] -0.098776  [ 56] -0.041891  [ 57] 0.088826  [ 58] -0.008977  [ 59] -0.107298
  [ 60] -0.040424  [ 61] -0.033142  [ 62] -0.002342  [ 63] -0.026288  [ 64] -0.029963  [ 65] 0.009688
  [ 66] 0.001268  [ 67] -0.078983  [ 68] -0.027861  [ 69] -0.031208  [ 70] -0.048035  [ 71] -0.086374
  [ 72] -0.011282  [ 73] -0.061664  [ 74] -0.042518  [ 75] -0.066473  [ 76] -0.004634  [ 77] 0.081750
  [ 78] -0.049440  [ 79] -0.059968  [ 80] 0.068254  [ 81] 0.050196  [ 82] -0.018107  [ 83] -0.095018
  [ 84] -0.002655  [ 85] -0.003166  [ 86] 0.016030  [ 87] 0.039706  [ 88] 0.020233  [ 89] 0.038886
  [ 90] 0.108699  [ 91] 0.040624  [ 92] 0.039597  [ 93] 0.053127  [ 94] -0.034198  [ 95] -0.032001
  [ 96] -0.007555  [ 97] -0.005717  [ 98] 0.072884  [ 99] 0.032588  [100] -0.030250  [101] 0.077013
  [102] -0.064975  [103] -0.022713  [104] 0.002324  [105] -0.017640  [106] 0.008925  [107] 0.033233
  [108] 0.027169  [109] -0.059967  [110] 0.007153  [111] 0.064172  [112] -0.003754  [113] 0.034190
  [114] -0.025650  [115] 0.062943  [116] -0.080156  [117] -0.010297  [118] -0.031215  [119] -0.038284
  [120] 0.067196  [121] 0.011888  [122] -0.006346  [123] -0.036941  [124] -0.039930  [125] -0.120648
  [126] 0.042212  [127] 0.000000  [128] -0.020238  [129] 0.027777  [130] -0.039329  [131] -0.111008
  [132] -0.034779  [133] -0.003563  [134] 0.061803  [135] 0.053902  [136] -0.018682  [137] 0.003246
  [138] -0.029215  [139] -0.033677  [140] 0.033966  [141] -0.037847  [142] 0.013568  [143] 0.058465
  [144] -0.038864  [145] 0.001003  [146] 0.079696  [147] 0.040854  [148] 0.024525  [149] -0.069208
  [150] 0.039846  [151] -0.008841  [152] -0.030122  [153] 0.066505  [154] -0.042209  [155] -0.025294
  [156] -0.046788  [157] 0.006528  [158] 0.059432  [159] 0.044113  [160] 0.064673  [161] -0.088061
  [162] -0.030352  [163] 0.083503  [164] 0.121745  [165] -0.011376  [166] 0.020569  [167] 0.009415
  [168] 0.008768  [169] 0.055603  [170] 0.047116  [171] 0.003187  [172] -0.075435  [173] -0.071342
  [174] 0.017550  [175] 0.009059  [176] -0.002331  [177] 0.075029  [178] -0.043472  [179] 0.004977
  [180] -0.003554  [181] -0.030751  [182] -0.036213  [183] -0.008279  [184] -0.015402  [185] -0.002504
  [186] 0.014128  [187] 0.013193  [188] 0.035759  [189] -0.114957  [190] 0.006013  [191] -0.025553
  [192] -0.076273  [193] -0.020563  [194] 0.114185  [195] -0.023476  [196] -0.004393  [197] -0.008964
  [198] -0.013451  [199] -0.039267  [200] 0.028322  [201] -0.024834  [202] 0.054498  [203] 0.046471
  [204] 0.051418  [205] 0.014725  [206] 0.079855  [207] 0.058701  [208] -0.041400  [209] -0.041259
  [210] -0.127045  [211] -0.058539  [212] 0.019024  [213] 0.084364  [214] 0.045958  [215] -0.055814
  [216] 0.014164  [217] 0.017189  [218] 0.084246  [219] -0.043183  [220] 0.019030  [221] -0.059784
  [222] 0.077038  [223] -0.000000  [224] 0.012884  [225] 0.038061  [226] -0.046591  [227] 0.012924
  [228] -0.061836  [229] 0.050738  [230] 0.041184  [231] 0.112577  [232] -0.102743  [233] 0.119314
  [234] 0.010067  [235] 0.019587  [236] 0.048024  [237] 0.043589  [238] 0.033227  [239] 0.029276
  [240] -0.002561  [241] 0.056565  [242] 0.006658  [243] -0.036390  [244] 0.018941  [245] 0.070115
  [246] 0.070108  [247] 0.080014  [248] -0.009033  [249] 0.057293  [250] -0.064474  [251] 0.031729
  [252] 0.000943  [253] -0.022417  [254] 0.087807  [255] -0.016583  [256] -0.049089  [257] -0.046116
  [258] 0.039774  [259] -0.025954  [260] 0.035249  [261] -0.072573  [262] 0.049559  [263] 0.050413
  [264] -0.021289  [265] 0.019652  [266] -0.016027  [267] -0.048293  [268] 0.074582  [269] -0.078746
  [270] -0.021841  [271] 0.086980  [272] 0.089826  [273] -0.074831  [274] 0.133321  [275] 0.025061
  [276] 0.021868  [277] -0.053689  [278] -0.023565  [279] 0.071354  [280] -0.033608  [281] -0.008467
  [282] -0.068980  [283] -0.035584  [284] -0.014388  [285] -0.026630  [286] -0.012467  [287] 0.088631
  [288] -0.012177  [289] -0.091242  [290] 0.100720  [291] -0.025076  [292] 0.127626  [293] -0.054826
  [294] 0.021718  [295] -0.092248  [296] 0.008686  [297] -0.021731  [298] -0.016255  [299] 0.047875
  [300] -0.042310  [301] 0.031951  [302] 0.081336  [303] 0.012406  [304] -0.028473  [305] 0.024465
  [306] 0.031792  [307] 0.021054  [308] 0.016268  [309] -0.131021  [310] 0.031101  [311] -0.050575
  [312] 0.007064  [313] -0.002989  [314] -0.002212  [315] -0.005745  [316] 0.013139  [317] -0.013912
  [318] 0.050361  [319] -0.000000  [320] 0.019655  [321] -0.012887  [322] 0.016966  [323] 0.052333
  [324] -0.013431  [325] 0.055323  [326] -0.024061  [327] -0.015476  [328] -0.091137  [329] -0.046937
  [330] 0.053584  [331] -0.038050  [332] -0.085768  [333] -0.046070  [334] -0.073212  [335] 0.023797
  [336] -0.042179  [337] 0.018934  [338] -0.001624  [339] -0.000395  [340] 0.090757  [341] 0.032901
  [342] 0.024004  [343] -0.026810  [344] -0.048629  [345] -0.015871  [346] 0.060660  [347] 0.085777
  [348] 0.018935  [349] -0.042972  [350] 0.007981  [351] -0.007860  [352] 0.013515  [353] -0.006823
  [354] -0.038305  [355] -0.060724  [356] 0.039416  [357] 0.018832  [358] 0.009068  [359] 0.009975
  [360] 0.026480  [361] -0.118794  [362] 0.002081  [363] -0.020582  [364] -0.125413  [365] -0.015303
  [366] -0.087785  [367] -0.043000  [368] -0.027583  [369] -0.120019  [370] 0.027206  [371] 0.021592
  [372] -0.079217  [373] -0.030573  [374] -0.048461  [375] 0.014117  [376] -0.088095  [377] 0.075344
  [378] -0.005184  [379] -0.036566  [380] 0.050354  [381] -0.007202  [382] -0.077486  [383] -0.024317

==============================================================================
CHUNK 19 of 20
==============================================================================
id               : hdfc_small_cap_direct_growth:overview:6ec4e757294d:0
scheme_key       : hdfc_small_cap_direct_growth
scheme_name      : HDFC Small Cap Fund - Direct Growth
doc_class        : overview
section          : HDFC Small Cap Fund Direct Growth
chunk_index      : 0
token_count      : 42
publisher        : aggregator
last_updated     : 2026-09-27
source_url       : https://groww.in/mutual-funds/hdfc-small-cap-fund-direct-growth
content_hash     : 6ec4e757294db99c97e02d02e3bcd690844a0b63d05117c78e1f908ad0d53081
dims             : 384
------------------------------------------------------------------------------
  [  0] 0.147237  [  1] -0.054945  [  2] -0.052416  [  3] 0.070196  [  4] 0.148106  [  5] 0.014134
  [  6] 0.010839  [  7] 0.066636  [  8] -0.056867  [  9] 0.056704  [ 10] -0.045571  [ 11] -0.068894
  [ 12] -0.105904  [ 13] -0.027714  [ 14] -0.076740  [ 15] -0.032569  [ 16] -0.033087  [ 17] -0.045151
  [ 18] 0.036300  [ 19] -0.002923  [ 20] -0.061877  [ 21] -0.021284  [ 22] 0.023032  [ 23] 0.024913
  [ 24] 0.061797  [ 25] -0.047634  [ 26] -0.029406  [ 27] 0.072251  [ 28] -0.019034  [ 29] -0.062234
  [ 30] -0.002768  [ 31] 0.012097  [ 32] 0.084782  [ 33] -0.043010  [ 34] -0.036958  [ 35] 0.052485
  [ 36] -0.011239  [ 37] -0.016646  [ 38] 0.024630  [ 39] -0.076402  [ 40] 0.044637  [ 41] 0.027708
  [ 42] 0.026867  [ 43] -0.044362  [ 44] 0.024118  [ 45] -0.021208  [ 46] -0.038588  [ 47] 0.014403
  [ 48] 0.006825  [ 49] -0.076052  [ 50] -0.019827  [ 51] -0.005836  [ 52] -0.040985  [ 53] -0.060534
  [ 54] -0.030627  [ 55] 0.082006  [ 56] -0.053186  [ 57] -0.083251  [ 58] 0.061461  [ 59] 0.015463
  [ 60] -0.031878  [ 61] -0.046298  [ 62] 0.043199  [ 63] -0.019973  [ 64] 0.065891  [ 65] 0.042397
  [ 66] -0.017357  [ 67] -0.013476  [ 68] 0.016202  [ 69] -0.018099  [ 70] -0.047809  [ 71] -0.058652
  [ 72] -0.098963  [ 73] 0.039524  [ 74] -0.009607  [ 75] 0.010400  [ 76] -0.039731  [ 77] 0.054875
  [ 78] 0.055440  [ 79] 0.020404  [ 80] -0.073542  [ 81] -0.000509  [ 82] 0.043919  [ 83] 0.011592
  [ 84] -0.013761  [ 85] -0.006232  [ 86] 0.077096  [ 87] -0.102772  [ 88] -0.050422  [ 89] -0.033597
  [ 90] 0.078250  [ 91] 0.061827  [ 92] -0.014995  [ 93] 0.093592  [ 94] -0.019942  [ 95] -0.072927
  [ 96] -0.006794  [ 97] -0.039530  [ 98] -0.028518  [ 99] 0.011234  [100] 0.042909  [101] 0.072634
  [102] -0.035404  [103] -0.027490  [104] 0.023135  [105] -0.001845  [106] 0.073951  [107] -0.013308
  [108] 0.051097  [109] -0.000144  [110] 0.020382  [111] 0.085344  [112] -0.071857  [113] -0.019121
  [114] 0.001476  [115] 0.008053  [116] -0.060949  [117] -0.109348  [118] -0.021308  [119] 0.006533
  [120] -0.010243  [121] 0.022344  [122] -0.015986  [123] -0.120587  [124] -0.011179  [125] 0.034065
  [126] -0.013541  [127] 0.000000  [128] 0.005296  [129] 0.090573  [130] 0.003649  [131] -0.060585
  [132] -0.017443  [133] -0.028983  [134] 0.035311  [135] -0.016478  [136] -0.044380  [137] 0.059460
  [138] 0.008032  [139] 0.041386  [140] 0.006503  [141] -0.063476  [142] -0.012763  [143] -0.096333
  [144] 0.041154  [145] 0.083962  [146] -0.016666  [147] -0.017872  [148] -0.024644  [149] 0.099695
  [150] 0.027553  [151] -0.081640  [152] 0.117187  [153] 0.020474  [154] 0.037956  [155] -0.004143
  [156] 0.074952  [157] 0.067738  [158] -0.051457  [159] 0.022859  [160] -0.051518  [161] -0.074712
  [162] -0.046580  [163] -0.047798  [164] -0.037605  [165] -0.057995  [166] -0.060535  [167] 0.019666
  [168] 0.049378  [169] 0.099137  [170] 0.000097  [171] -0.039407  [172] -0.048801  [173] -0.024685
  [174] 0.056575  [175] 0.041304  [176] 0.021395  [177] 0.048074  [178] -0.086902  [179] -0.061131
  [180] -0.036189  [181] 0.037042  [182] 0.073321  [183] 0.038321  [184] -0.011005  [185] 0.021881
  [186] 0.004420  [187] 0.064216  [188] 0.025765  [189] -0.001036  [190] -0.104189  [191] 0.043263
  [192] -0.040603  [193] 0.103989  [194] 0.051195  [195] -0.044322  [196] 0.001612  [197] -0.042813
  [198] 0.067311  [199] 0.000665  [200] 0.079441  [201] 0.020090  [202] 0.031222  [203] -0.049058
  [204] 0.034982  [205] 0.088781  [206] -0.000435  [207] -0.001712  [208] -0.017571  [209] 0.057783
  [210] 0.027440  [211] -0.001051  [212] 0.009254  [213] -0.036169  [214] -0.001531  [215] 0.050398
  [216] -0.061002  [217] -0.047222  [218] -0.018078  [219] -0.043562  [220] 0.068286  [221] -0.009539
  [222] -0.103893  [223] -0.000000  [224] 0.017550  [225] -0.060210  [226] 0.011019  [227] 0.051284
  [228] -0.002533  [229] 0.015152  [230] 0.018653  [231] 0.050242  [232] 0.012965  [233] 0.030759
  [234] 0.077119  [235] 0.000394  [236] 0.013701  [237] -0.024889  [238] -0.036254  [239] -0.034569
  [240] 0.004834  [241] -0.063642  [242] 0.035378  [243] -0.066015  [244] 0.079865  [245] 0.031491
  [246] 0.089821  [247] 0.108238  [248] 0.014532  [249] 0.017600  [250] -0.031336  [251] 0.011736
  [252] -0.076295  [253] -0.036246  [254] -0.012924  [255] 0.064906  [256] -0.024570  [257] 0.031496
  [258] -0.052218  [259] -0.055850  [260] 0.004619  [261] -0.020296  [262] -0.007919  [263] 0.064932
  [264] -0.026996  [265] 0.013860  [266] 0.063395  [267] -0.110072  [268] 0.005107  [269] -0.005002
  [270] -0.018639  [271] 0.020644  [272] 0.077689  [273] 0.026909  [274] -0.006048  [275] -0.047138
  [276] 0.006748  [277] 0.017365  [278] -0.084910  [279] 0.010540  [280] 0.021576  [281] 0.043045
  [282] -0.035430  [283] 0.015397  [284] 0.054077  [285] 0.051695  [286] -0.029939  [287] 0.101812
  [288] 0.006980  [289] 0.017313  [290] -0.073856  [291] -0.110801  [292] -0.021890  [293] -0.029683
  [294] 0.028670  [295] -0.029506  [296] 0.100122  [297] 0.077642  [298] -0.039417  [299] 0.054093
  [300] 0.029974  [301] 0.023461  [302] 0.092542  [303] 0.053645  [304] 0.059833  [305] 0.070457
  [306] -0.024714  [307] 0.075534  [308] -0.041841  [309] 0.011538  [310] -0.011001  [311] -0.109986
  [312] -0.057625  [313] 0.083138  [314] -0.059692  [315] -0.022953  [316] 0.040048  [317] 0.028745
  [318] -0.015943  [319] -0.000000  [320] 0.051004  [321] -0.015427  [322] 0.037670  [323] 0.009467
  [324] -0.056917  [325] -0.005613  [326] -0.038445  [327] 0.012468  [328] -0.025177  [329] 0.024406
  [330] 0.018164  [331] 0.045852  [332] -0.081969  [333] 0.016886  [334] -0.048440  [335] -0.045500
  [336] -0.060553  [337] 0.058964  [338] -0.012101  [339] -0.048900  [340] 0.070007  [341] 0.063031
  [342] 0.081830  [343] -0.023168  [344] 0.040514  [345] -0.030759  [346] 0.038334  [347] 0.053345
  [348] -0.043495  [349] -0.052991  [350] 0.033826  [351] 0.018749  [352] -0.009245  [353] 0.040353
  [354] 0.006905  [355] 0.103702  [356] -0.046661  [357] 0.038235  [358] -0.008054  [359] 0.087699
  [360] 0.020921  [361] -0.084270  [362] 0.016673  [363] -0.081947  [364] -0.058827  [365] 0.024899
  [366] -0.083382  [367] 0.052271  [368] 0.094177  [369] -0.111723  [370] -0.003146  [371] -0.061470
  [372] -0.056205  [373] -0.023799  [374] -0.009928  [375] 0.072082  [376] -0.006919  [377] -0.003369
  [378] -0.015445  [379] -0.024500  [380] 0.057411  [381] -0.099374  [382] -0.038692  [383] 0.095827

==============================================================================
CHUNK 20 of 20
==============================================================================
id               : hdfc_small_cap_direct_growth:riskometer:d8d5d76c880f:0
scheme_key       : hdfc_small_cap_direct_growth
scheme_name      : HDFC Small Cap Fund - Direct Growth
doc_class        : riskometer
section          : HDFC Small Cap Fund - Direct Growth
chunk_index      : 0
token_count      : 8
publisher        : aggregator
last_updated     : 2026-09-27
source_url       : https://groww.in/mutual-funds/hdfc-small-cap-fund-direct-growth
content_hash     : d8d5d76c880f4bbed888cff6fcc8c42b1be5f58242e81f0bc4cddffdb345709c
dims             : 384
------------------------------------------------------------------------------
  [  0] 0.029415  [  1] -0.020005  [  2] -0.062792  [  3] 0.027932  [  4] 0.101694  [  5] -0.005711
  [  6] 0.042719  [  7] 0.090251  [  8] 0.003748  [  9] 0.014438  [ 10] 0.029874  [ 11] -0.034913
  [ 12] 0.006629  [ 13] 0.022972  [ 14] -0.090928  [ 15] -0.046854  [ 16] -0.006976  [ 17] -0.062383
  [ 18] -0.038029  [ 19] 0.051514  [ 20] -0.075036  [ 21] 0.001659  [ 22] -0.009295  [ 23] 0.043742
  [ 24] -0.030246  [ 25] -0.055245  [ 26] -0.005919  [ 27] 0.099713  [ 28] -0.016940  [ 29] 0.005877
  [ 30] 0.011685  [ 31] 0.054707  [ 32] 0.003659  [ 33] -0.031168  [ 34] -0.025200  [ 35] 0.039212
  [ 36] -0.071933  [ 37] -0.019037  [ 38] 0.013995  [ 39] 0.002529  [ 40] 0.020623  [ 41] -0.050260
  [ 42] 0.026881  [ 43] 0.073047  [ 44] -0.022470  [ 45] 0.034335  [ 46] 0.019593  [ 47] -0.059311
  [ 48] 0.019818  [ 49] 0.007964  [ 50] -0.063355  [ 51] -0.083768  [ 52] 0.044556  [ 53] -0.135650
  [ 54] 0.006931  [ 55] -0.047012  [ 56] -0.089270  [ 57] -0.082877  [ 58] -0.048781  [ 59] -0.012546
  [ 60] 0.063553  [ 61] -0.014216  [ 62] -0.056417  [ 63] 0.012214  [ 64] 0.022109  [ 65] 0.017985
  [ 66] -0.003461  [ 67] 0.066418  [ 68] 0.077794  [ 69] 0.016146  [ 70] 0.019193  [ 71] -0.022760
  [ 72] -0.068372  [ 73] 0.030640  [ 74] 0.022685  [ 75] 0.010118  [ 76] 0.008567  [ 77] -0.035311
  [ 78] 0.076788  [ 79] -0.021929  [ 80] 0.025744  [ 81] -0.059903  [ 82] 0.085698  [ 83] 0.019400
  [ 84] 0.036722  [ 85] 0.047808  [ 86] 0.030592  [ 87] -0.027692  [ 88] 0.039514  [ 89] -0.018718
  [ 90] 0.028521  [ 91] -0.075967  [ 92] 0.043432  [ 93] 0.092649  [ 94] 0.026133  [ 95] 0.060769
  [ 96] -0.076563  [ 97] -0.086262  [ 98] -0.077435  [ 99] 0.050549  [100] -0.027356  [101] -0.022245
  [102] -0.091295  [103] 0.075298  [104] -0.033521  [105] -0.075386  [106] 0.024952  [107] -0.016827
  [108] 0.046489  [109] 0.030435  [110] 0.006959  [111] 0.076801  [112] 0.041565  [113] -0.034581
  [114] -0.039985  [115] 0.010158  [116] -0.118077  [117] -0.006591  [118] -0.028868  [119] 0.066234
  [120] 0.019209  [121] -0.007229  [122] 0.011192  [123] -0.005524  [124] 0.016416  [125] 0.033234
  [126] 0.031817  [127] -0.000000  [128] 0.035526  [129] 0.031323  [130] 0.022069  [131] -0.012379
  [132] -0.014101  [133] 0.030461  [134] -0.023661  [135] -0.000683  [136] 0.013512  [137] 0.019810
  [138] 0.027288  [139] 0.039697  [140] -0.046243  [141] -0.003424  [142] 0.053300  [143] -0.013839
  [144] -0.018372  [145] 0.091256  [146] -0.007744  [147] -0.073257  [148] -0.054143  [149] -0.128536
  [150] -0.005692  [151] -0.066078  [152] -0.001033  [153] 0.064428  [154] 0.041837  [155] 0.019865
  [156] 0.079907  [157] 0.028527  [158] -0.021757  [159] 0.032385  [160] -0.029382  [161] -0.110558
  [162] -0.004869  [163] 0.059650  [164] -0.137897  [165] 0.014787  [166] -0.038808  [167] 0.006985
  [168] -0.020957  [169] 0.015662  [170] 0.043799  [171] 0.063376  [172] 0.073382  [173] 0.018263
  [174] -0.078778  [175] -0.068232  [176] -0.066161  [177] -0.014932  [178] -0.104212  [179] -0.043579
  [180] -0.038881  [181] 0.033415  [182] -0.097975  [183] 0.042583  [184] 0.042271  [185] -0.002994
  [186] -0.083410  [187] -0.027490  [188] -0.076934  [189] 0.057497  [190] -0.036334  [191] -0.048149
  [192] -0.009443  [193] 0.056062  [194] 0.030119  [195] -0.045290  [196] -0.014441  [197] 0.063531
  [198] -0.036423  [199] -0.013429  [200] 0.017271  [201] -0.070430  [202] -0.078925  [203] 0.024514
  [204] -0.066553  [205] 0.043145  [206] 0.060059  [207] -0.037497  [208] -0.072460  [209] -0.034441
  [210] 0.105808  [211] 0.033960  [212] 0.007711  [213] 0.016177  [214] -0.005022  [215] -0.035381
  [216] -0.083213  [217] 0.102443  [218] 0.016822  [219] -0.001592  [220] 0.061290  [221] 0.003756
  [222] -0.062661  [223] 0.000000  [224] -0.180123  [225] 0.023861  [226] 0.005731  [227] 0.041509
  [228] -0.007338  [229] -0.028991  [230] 0.004261  [231] 0.019803  [232] 0.039045  [233] 0.062300
  [234] -0.035922  [235] 0.028728  [236] 0.081419  [237] -0.024378  [238] 0.019053  [239] 0.055471
  [240] -0.006484  [241] 0.028948  [242] -0.088746  [243] -0.066390  [244] -0.004624  [245] 0.024852
  [246] -0.065856  [247] 0.061795  [248] -0.038239  [249] 0.024817  [250] 0.004714  [251] -0.032026
  [252] -0.007835  [253] -0.047472  [254] -0.093996  [255] 0.034181  [256] 0.064633  [257] 0.051034
  [258] -0.046767  [259] 0.011720  [260] 0.103160  [261] -0.110816  [262] -0.054820  [263] -0.014442
  [264] 0.041752  [265] 0.071195  [266] -0.047568  [267] -0.139009  [268] -0.009487  [269] 0.052012
  [270] 0.105961  [271] -0.001619  [272] 0.072131  [273] 0.050620  [274] 0.016768  [275] 0.009155
  [276] 0.013884  [277] 0.067727  [278] -0.034462  [279] -0.000368  [280] -0.033304  [281] -0.011034
  [282] 0.009524  [283] 0.103127  [284] 0.006008  [285] 0.053109  [286] -0.058111  [287] 0.093694
  [288] 0.026335  [289] 0.058069  [290] -0.049983  [291] -0.027069  [292] 0.046606  [293] -0.003993
  [294] 0.049620  [295] 0.044168  [296] 0.011753  [297] -0.063803  [298] 0.002229  [299] -0.096312
  [300] -0.025619  [301] 0.055862  [302] -0.037532  [303] -0.037334  [304] 0.068567  [305] -0.005731
  [306] 0.036298  [307] 0.053957  [308] 0.104562  [309] 0.017465  [310] 0.009348  [311] -0.060703
  [312] -0.010887  [313] 0.057121  [314] -0.091652  [315] 0.054646  [316] -0.023512  [317] -0.004725
  [318] -0.004839  [319] -0.000000  [320] 0.025727  [321] 0.022120  [322] 0.062599  [323] -0.010266
  [324] 0.057385  [325] -0.002300  [326] -0.046485  [327] 0.045880  [328] -0.045735  [329] 0.051661
  [330] 0.036342  [331] 0.020511  [332] -0.022137  [333] -0.047417  [334] -0.005559  [335] -0.066226
  [336] -0.040178  [337] 0.077179  [338] -0.050413  [339] 0.011684  [340] 0.093976  [341] 0.016442
  [342] 0.009949  [343] -0.070732  [344] 0.056242  [345] -0.022614  [346] 0.022630  [347] 0.101850
  [348] 0.036152  [349] 0.028581  [350] -0.053753  [351] -0.032155  [352] 0.056551  [353] 0.071888
  [354] -0.031785  [355] 0.057339  [356] -0.001761  [357] 0.001644  [358] 0.043028  [359] 0.070123
  [360] -0.013040  [361] -0.054004  [362] -0.006514  [363] 0.097512  [364] 0.008580  [365] -0.000264
  [366] -0.052075  [367] -0.035349  [368] 0.089753  [369] 0.006400  [370] -0.022915  [371] -0.028283
  [372] 0.059253  [373] 0.092771  [374] -0.033620  [375] 0.003926  [376] 0.002003  [377] -0.024388
  [378] -0.065325  [379] 0.048216  [380] 0.037470  [381] -0.085969  [382] -0.067402  [383] 0.036896

